SISTEMA,ZONA DE CARGA,CLAVE
BCA,ENSENADA,07ACU-115
BCA,ENSENADA,07AUE-115
BCA,ENSENADA,07CIP-115
BCA,ENSENADA,07CME-115
BCA,ENSENADA,07COE-115
BCA,ENSENADA,07EDA-115
BCA,ENSENADA,07ENT-115
BCA,ENSENADA,07EPC-115
BCA,ENSENADA,07FMO-115
BCA,ENSENADA,07GLL-115
BCA,ENSENADA,07JAT-115
BCA,ENSENADA,07JOV-230
BCA,ENSENADA,07LOS-115
BCA,ENSENADA,07MND-115
BCA,ENSENADA,07ONG-69
BCA,ENSENADA,07SAF-115
BCA,ENSENADA,07SAZ-115
BCA,ENSENADA,07SMA-115
BCA,ENSENADA,07SMN-115
BCA,ENSENADA,07SQN-115
BCA,ENSENADA,07SVE-115
BCA,ENSENADA,07TRI-115
BCA,ENSENADA,07VLP-69
BCA,MEXICALI,07APD-230
BCA,MEXICALI,07CNT-230
BCA,MEXICALI,07CNZ-161
BCA,MEXICALI,07CPC-161
BCA,MEXICALI,07CPD-230
BCA,MEXICALI,07CPT-230
BCA,MEXICALI,07CPU-161
BCA,MEXICALI,07CRO-161
BCA,MEXICALI,07CSC-230
BCA,MEXICALI,07CTY-161
BCA,MEXICALI,07CTY-230
BCA,MEXICALI,07FEV-161
BCA,MEXICALI,07GOR-161
BCA,MEXICALI,07KCH-161
BCA,MEXICALI,07MOE-161
BCA,MEXICALI,07MXI-161
BCA,MEXICALI,07MXI-230
BCA,MEXICALI,07NZI-161
BCA,MEXICALI,07OZA-230
BCA,MEXICALI,07PKD-161
BCA,MEXICALI,07RIN-161
BCA,MEXICALI,07ROA-230
BCA,MEXICALI,07RUM-69
BCA,MEXICALI,07SIS-161
BCA,MEXICALI,07SKW-161
BCA,MEXICALI,07STB-230
BCA,MEXICALI,07TEK-230
BCA,MEXICALI,07VPA-230
BCA,MEXICALI,07WIS-230
BCA,MEXICALI,07XCO-230
BCA,SANLUIS,07CHQ-230
BCA,SANLUIS,07HGO-161
BCA,SANLUIS,07PID-161
BCA,SANLUIS,07PID-230
BCA,SANLUIS,07RZC-161
BCA,SANLUIS,07SRY-230
BCA,TIJUANA,07BJO-69
BCA,TIJUANA,07CAE-69
BCA,TIJUANA,07CES-69
BCA,TIJUANA,07CNA-69
BCA,TIJUANA,07DRA-69
BCA,TIJUANA,07END-69
BCA,TIJUANA,07ENL-69
BCA,TIJUANA,07FCO-69
BCA,TIJUANA,07FLO-69
BCA,TIJUANA,07FOR-69
BCA,TIJUANA,07FTA-69
BCA,TIJUANA,07GER-69
BCA,TIJUANA,07HMO-69
BCA,TIJUANA,07HUN-69
BCA,TIJUANA,07INA-69
BCA,TIJUANA,07IOP-69
BCA,TIJUANA,07JOY-115
BCA,TIJUANA,07LGO-69
BCA,TIJUANA,07LMS-69
BCA,TIJUANA,07MAB-69
BCA,TIJUANA,07MEP-230
BCA,TIJUANA,07MEP-69
BCA,TIJUANA,07MSN-115
BCA,TIJUANA,07MXC-69
BCA,TIJUANA,07NEL-69
BCA,TIJUANA,07PAF-69
BCA,TIJUANA,07PAP-69
BCA,TIJUANA,07PJZ-115
BCA,TIJUANA,07PJZ-230
BCA,TIJUANA,07PNM-115
BCA,TIJUANA,07PNU-115
BCA,TIJUANA,07POP-115
BCA,TIJUANA,07RII-69
BCA,TIJUANA,07RSI-69
BCA,TIJUANA,07RUB-69
BCA,TIJUANA,07SED-69
BCA,TIJUANA,07SHA-115
BCA,TIJUANA,07SIO-69
BCA,TIJUANA,07TCD-69
BCA,TIJUANA,07TCT-69
BCA,TIJUANA,07TCU-69
BCA,TIJUANA,07TEE-69
BCA,TIJUANA,07TJD-69
BCA,TIJUANA,07TJI-69
BCA,TIJUANA,07TOY-230
BCA,TIJUANA,07UND-69
BCA,TIJUANA,07VAS-69
BCA,TIJUANA,07VIG-69
BCA,TIJUANA,07VPM-69
BCA,No Aplica,07IVY-230
BCA,No Aplica,07OMS-230
BCS,CONSTITUCION,07DOM-115
BCS,CONSTITUCION,07GAO-115
BCS,CONSTITUCION,07INS-115
BCS,CONSTITUCION,07LAP-115
BCS,CONSTITUCION,07LRO-115
BCS,CONSTITUCION,07PES-115
BCS,CONSTITUCION,07VIO-115
BCS,LA PAZ,07BLE-115
BCS,LA PAZ,07CAR-115
BCS,LA PAZ,07COR-230
BCS,LA PAZ,07ETR-115
BCS,LA PAZ,07LPZ-115
BCS,LA PAZ,07OLA-115
BCS,LA PAZ,07PAA-115
BCS,LA PAZ,07PUP-115
BCS,LA PAZ,07RCO-115
BCS,LA PAZ,07RFO-115
BCS,LOS CABOS,07ASJ-115
BCS,LOS CABOS,07CAB-115
BCS,LOS CABOS,07CAD-115
BCS,LOS CABOS,07CAF-115
BCS,LOS CABOS,07CAS-115
BCS,LOS CABOS,07CRE-115
BCS,LOS CABOS,07DLC-115
BCS,LOS CABOS,07MOR-115
BCS,LOS CABOS,07PML-115
BCS,LOS CABOS,07SJC-115
BCS,LOS CABOS,07SNT-115
BCS,LOS CABOS,07TCB-115
SIN,CENTRO ORIENTE,01AAN-85
SIN,CENTRO ORIENTE,01ACS-230
SIN,CENTRO ORIENTE,01ANL-85
SIN,CENTRO ORIENTE,01ARX-230
SIN,CENTRO ORIENTE,01CCZ-230
SIN,CENTRO ORIENTE,01CEA-85
SIN,CENTRO ORIENTE,01CFZ-85
SIN,CENTRO ORIENTE,01CRM-85
SIN,CENTRO ORIENTE,01DCA-85
SIN,CENTRO ORIENTE,01IRO-230
SIN,CENTRO ORIENTE,01JAS-85
SIN,CENTRO ORIENTE,01JRB-230
SIN,CENTRO ORIENTE,01JUA-85
SIN,CENTRO ORIENTE,01LFG-230
SIN,CENTRO ORIENTE,01NEC-85
SIN,CENTRO ORIENTE,01OTM-230
SIN,CENTRO ORIENTE,01PAC-85
SIN,CENTRO ORIENTE,01PIR-85
SIN,CENTRO ORIENTE,01PQI-115
SIN,CENTRO ORIENTE,01PTL-85
SIN,CENTRO ORIENTE,01PYG-230
SIN,CENTRO ORIENTE,01RAT-230
SIN,CENTRO ORIENTE,01SAO-85
SIN,CENTRO ORIENTE,01STU-115
SIN,CENTRO ORIENTE,01TCC-230
SIN,CENTRO ORIENTE,01TEP-85
SIN,CENTRO ORIENTE,01TIZ-230
SIN,CENTRO ORIENTE,01TLG-85
SIN,CENTRO ORIENTE,01TLT-85
SIN,CENTRO ORIENTE,01TUL-230
SIN,CENTRO ORIENTE,01TUL-400
SIN,CENTRO ORIENTE,01VIT-85
SIN,CENTRO ORIENTE,01VTU-85
SIN,CENTRO SUR,01AIN-115
SIN,CENTRO SUR,01ANM-115
SIN,CENTRO SUR,01ANU-115
SIN,CENTRO SUR,01ANU-69
SIN,CENTRO SUR,01ATM-115
SIN,CENTRO SUR,01ATU-115
SIN,CENTRO SUR,01AUO-115
SIN,CENTRO SUR,01AVA-115
SIN,CENTRO SUR,01BBR-115
SIN,CENTRO SUR,01CCM-115
SIN,CENTRO SUR,01CMO-115
SIN,CENTRO SUR,01COM-115
SIN,CENTRO SUR,01CSN-115
SIN,CENTRO SUR,01DOG-115
SIN,CENTRO SUR,01ECB-115
SIN,CENTRO SUR,01EDB-115
SIN,CENTRO SUR,01ELG-115
SIN,CENTRO SUR,01ENB-115
SIN,CENTRO SUR,01ESB-115
SIN,CENTRO SUR,01ETB-115
SIN,CENTRO SUR,01EUB-115
SIN,CENTRO SUR,01FPG-115
SIN,CENTRO SUR,01FRR-115
SIN,CENTRO SUR,01HTM-115
SIN,CENTRO SUR,01INU-115
SIN,CENTRO SUR,01ITD-115
SIN,CENTRO SUR,01IUN-115
SIN,CENTRO SUR,01IXS-115
SIN,CENTRO SUR,01IXT-115
SIN,CENTRO SUR,01JID-115
SIN,CENTRO SUR,01JIL-115
SIN,CENTRO SUR,01LAC-115
SIN,CENTRO SUR,01LES-115
SIN,CENTRO SUR,01MTI-115
SIN,CENTRO SUR,01NTG-115
SIN,CENTRO SUR,01PDO-115
SIN,CENTRO SUR,01PLO-115
SIN,CENTRO SUR,01PLZ-115
SIN,CENTRO SUR,01SMT-115
SIN,CENTRO SUR,01SSE-115
SIN,CENTRO SUR,01TIN-115
SIN,CENTRO SUR,01TJP-115
SIN,CENTRO SUR,01TMA-115
SIN,CENTRO SUR,01TPA-115
SIN,CENTRO SUR,01TQC-115
SIN,CENTRO SUR,01TTT-115
SIN,CENTRO SUR,01VGU-115
SIN,CENTRO SUR,01YBC-115
SIN,CENTRO SUR,01ZIR-69
SIN,LAZARO CARDENAS,01AMM-230
SIN,LAZARO CARDENAS,01ATG-69
SIN,LAZARO CARDENAS,01ATS-115
SIN,LAZARO CARDENAS,01CAY-115
SIN,LAZARO CARDENAS,01CNA-69
SIN,LAZARO CARDENAS,01CSR-115
SIN,LAZARO CARDENAS,01GMY-115
SIN,LAZARO CARDENAS,01ISO-115
SIN,LAZARO CARDENAS,01LCD-115
SIN,LAZARO CARDENAS,01LCP-230
SIN,LAZARO CARDENAS,01LCP-400
SIN,LAZARO CARDENAS,01MIR-115
SIN,LAZARO CARDENAS,01PIT-400
SIN,LAZARO CARDENAS,01PMT-115
SIN,LAZARO CARDENAS,01PMX-115
SIN,LAZARO CARDENAS,01SCD-230
SIN,LAZARO CARDENAS,01VIL-230
SIN,VDM CENTRO,01ARA-85
SIN,VDM CENTRO,01AUR-230
SIN,VDM CENTRO,01CDS-230
SIN,VDM CENTRO,01CDS-85
SIN,VDM CENTRO,01CHN-230
SIN,VDM CENTRO,01CMC-230
SIN,VDM CENTRO,01COY-230
SIN,VDM CENTRO,01CPG-230
SIN,VDM CENTRO,01CTD-230
SIN,VDM CENTRO,01DAA-230
SIN,VDM CENTRO,01HTC-85
SIN,VDM CENTRO,01INM-85
SIN,VDM CENTRO,01INN-85
SIN,VDM CENTRO,01JAM-85
SIN,VDM CENTRO,01KCR-230
SIN,VDM CENTRO,01LAP-230
SIN,VDM CENTRO,01MER-230
SIN,VDM CENTRO,01MGR-85
SIN,VDM CENTRO,01MOS-85
SIN,VDM CENTRO,01MZA-85
SIN,VDM CENTRO,01NAR-230
SIN,VDM CENTRO,01NET-85
SIN,VDM CENTRO,01NON-85
SIN,VDM CENTRO,01PCC-85
SIN,VDM CENTRO,01PEN-230
SIN,VDM CENTRO,01PEV-230
SIN,VDM CENTRO,01PEX-85
SIN,VDM CENTRO,01PNT-85
SIN,VDM CENTRO,01POO-230
SIN,VDM CENTRO,01PXA-85
SIN,VDM CENTRO,01REF-85
SIN,VDM CENTRO,01RES-230
SIN,VDM CENTRO,01SSP-85
SIN,VDM CENTRO,01TAC-85
SIN,VDM CENTRO,01TYA-230
SIN,VDM CENTRO,01VER-230
SIN,VDM CENTRO,01VRN-230
SIN,VDM NORTE,01ACC-85
SIN,VDM NORTE,01ACM-85
SIN,VDM NORTE,01ACN-85
SIN,VDM NORTE,01ACO-230
SIN,VDM NORTE,01ALR-85
SIN,VDM NORTE,01ATI-230
SIN,VDM NORTE,01ATK-230
SIN,VDM NORTE,01AUM-85
SIN,VDM NORTE,01AZC-230
SIN,VDM NORTE,01BAR-85
SIN,VDM NORTE,01BBV-230
SIN,VDM NORTE,01BDK-85
SIN,VDM NORTE,01CAH-85
SIN,VDM NORTE,01CAR-85
SIN,VDM NORTE,01CEI-230
SIN,VDM NORTE,01CFI-230
SIN,VDM NORTE,01CHE-85
SIN,VDM NORTE,01CPM-230
SIN,VDM NORTE,01CRG-230
SIN,VDM NORTE,01CRG-85
SIN,VDM NORTE,01CTG-230
SIN,VDM NORTE,01CTT-85
SIN,VDM NORTE,01CYO-85
SIN,VDM NORTE,01DCO-85
SIN,VDM NORTE,01ECA-230
SIN,VDM NORTE,01EVD-230
SIN,VDM NORTE,01FMC-85
SIN,VDM NORTE,01GUA-85
SIN,VDM NORTE,01HTT-85
SIN,VDM NORTE,01INS-85
SIN,VDM NORTE,01ISC-85
SIN,VDM NORTE,01JDV-85
SIN,VDM NORTE,01JJA-85
SIN,VDM NORTE,01JLC-230
SIN,VDM NORTE,01LAQ-85
SIN,VDM NORTE,01LAR-230
SIN,VDM NORTE,01LCT-85
SIN,VDM NORTE,01LDG-230
SIN,VDM NORTE,01LEC-85
SIN,VDM NORTE,01LOM-85
SIN,VDM NORTE,01LQX-85
SIN,VDM NORTE,01LVE-230
SIN,VDM NORTE,01MAD-230
SIN,VDM NORTE,01MLP-230
SIN,VDM NORTE,01NAU-85
SIN,VDM NORTE,01NFA-85
SIN,VDM NORTE,01OCE-230
SIN,VDM NORTE,01PAT-85
SIN,VDM NORTE,01PNN-230
SIN,VDM NORTE,01REM-230
SIN,VDM NORTE,01REM-85
SIN,VDM NORTE,01ROL-230
SIN,VDM NORTE,01SOX-230
SIN,VDM NORTE,01TCM-230
SIN,VDM NORTE,01TEH-230
SIN,VDM NORTE,01TKM-230
SIN,VDM NORTE,01TPZ-85
SIN,VDM NORTE,01TRX-85
SIN,VDM NORTE,01TTH-230
SIN,VDM NORTE,01VAE-230
SIN,VDM NORTE,01VAJ-230
SIN,VDM NORTE,01VDF-85
SIN,VDM NORTE,01VDM-85
SIN,VDM NORTE,01VFI-85
SIN,VDM NORTE,01VIC-230
SIN,VDM NORTE,01VIC-85
SIN,VDM NORTE,01VLR-85
SIN,VDM NORTE,01VMA-400
SIN,VDM NORTE,01VPM-85
SIN,VDM NORTE,01XAL-230
SIN,VDM NORTE,01ZAE-85
SIN,VDM NORTE,01ZUM-85
SIN,VDM SUR,01AAP-85
SIN,VDM SUR,01AGU-230
SIN,VDM SUR,01AGV-85
SIN,VDM SUR,01AMO-85
SIN,VDM SUR,01ANS-85
SIN,VDM SUR,01ATE-230
SIN,VDM SUR,01ATE-85
SIN,VDM SUR,01AVT-85
SIN,VDM SUR,01AYO-230
SIN,VDM SUR,01CHA-85
SIN,VDM SUR,01CJM-230
SIN,VDM SUR,01COA-230
SIN,VDM SUR,01CRS-230
SIN,VDM SUR,01CRU-230
SIN,VDM SUR,01CUL-230
SIN,VDM SUR,01CVD-85
SIN,VDM SUR,01DVA-230
SIN,VDM SUR,01ECR-230
SIN,VDM SUR,01EST-230
SIN,VDM SUR,01GMC-85
SIN,VDM SUR,01IXL-230
SIN,VDM SUR,01IZT-230
SIN,VDM SUR,01JCP-85
SIN,VDM SUR,01KDM-85
SIN,VDM SUR,01LER-85
SIN,VDM SUR,01MAG-85
SIN,VDM SUR,01MOR-230
SIN,VDM SUR,01NIS-85
SIN,VDM SUR,01NLE-85
SIN,VDM SUR,01ODB-230
SIN,VDM SUR,01OLI-230
SIN,VDM SUR,01PRO-85
SIN,VDM SUR,01PSR-85
SIN,VDM SUR,01PTH-85
SIN,VDM SUR,01RBS-85
SIN,VDM SUR,01RSL-230
SIN,VDM SUR,01SAF-85
SIN,VDM SUR,01SDI-85
SIN,VDM SUR,01SNG-230
SIN,VDM SUR,01SSO-85
SIN,VDM SUR,01TAX-230
SIN,VDM SUR,01TAX-85
SIN,VDM SUR,01TDK-230
SIN,VDM SUR,01TDV-85
SIN,VDM SUR,01TIA-230
SIN,VDM SUR,01TOL-85
SIN,VDM SUR,01TOP-230
SIN,VDM SUR,01TTC-230
SIN,VDM SUR,01TTO-85
SIN,VDM SUR,01VDT-85
SIN,VDM SUR,01XOC-230
SIN,VDM SUR,01ZAM-230
SIN,VDM SUR,01ZIC-85
SIN,No Aplica,06EAP-138
SIN,No Aplica,06LAA-138
SIN,No Aplica,06RRD-138
SIN,No Aplica,08BEL-115
SIN,No Aplica,09LBR-230
SIN,HUASTECA,06ABR-115
SIN,HUASTECA,06AXA-115
SIN,HUASTECA,06AZT-115
SIN,HUASTECA,06EBA-115
SIN,HUASTECA,06LBR-115
SIN,HUASTECA,06MAN-115
SIN,HUASTECA,06MGN-115
SIN,HUASTECA,06MSO-115
SIN,HUASTECA,06MUL-115
SIN,HUASTECA,06STO-115
SIN,HUASTECA,06VAL-115
SIN,HUASTECA,06VES-115
SIN,HUEJUTLA,06APX-115
SIN,HUEJUTLA,06PAN-115
SIN,MATAMOROS,06CEN-138
SIN,MATAMOROS,06CIM-138
SIN,MATAMOROS,06INV-138
SIN,MATAMOROS,06JAD-138
SIN,MATAMOROS,06LTO-138
SIN,MATAMOROS,06MTM-138
SIN,MATAMOROS,06OTE-138
SIN,MATAMOROS,06PTA-138
SIN,MATAMOROS,06SEN-138
SIN,MATAMOROS,06TCO-138
SIN,MATAMOROS,06VHE-138
SIN,MONCLOVA,06AEO-115
SIN,MONCLOVA,06AHM-400
SIN,MONCLOVA,06FRO-115
SIN,MONCLOVA,06GRA-115
SIN,MONCLOVA,06MON-115
SIN,MONCLOVA,06MON-230
SIN,MONCLOVA,06RGS-115
SIN,MONCLOVA,06TKS-115
SIN,MONCLOVA,06XOC-115
SIN,MONTEMORELOS,06ALN-115
SIN,MONTEMORELOS,06LAJ-115
SIN,MONTEMORELOS,06LDA-115
SIN,MONTEMORELOS,06LSN-115
SIN,MONTEMORELOS,06MSI-115
SIN,MONTEMORELOS,06MTN-115
SIN,MONTEMORELOS,06VDS-115
SIN,MONTERREY,06ACM-115
SIN,MONTERREY,06AME-115
SIN,MONTERREY,06APO-115
SIN,MONTERREY,06ARV-115
SIN,MONTERREY,06AUS-115
SIN,MONTERREY,06BER-115
SIN,MONTERREY,06BLH-115
SIN,MONTERREY,06CAT-115
SIN,MONTERREY,06CBO-115
SIN,MONTERREY,06CDT-115
SIN,MONTERREY,06CDU-400
SIN,MONTERREY,06CEL-115
SIN,MONTERREY,06CEM-115
SIN,MONTERREY,06CER-115
SIN,MONTERREY,06CFD-115
SIN,MONTERREY,06CIS-115
SIN,MONTERREY,06CMN-115
SIN,MONTERREY,06CNY-115
SIN,MONTERREY,06CYN-115
SIN,MONTERREY,06DNA-115
SIN,MONTERREY,06DON-115
SIN,MONTERREY,06DTL-115
SIN,MONTERREY,06ECN-115
SIN,MONTERREY,06EHN-230
SIN,MONTERREY,06ESC-115
SIN,MONTERREY,06ESC-400
SIN,MONTERREY,06EST-115
SIN,MONTERREY,06ETZ-115
SIN,MONTERREY,06FAI-400
SIN,MONTERREY,06FAR-115
SIN,MONTERREY,06FIG-115
SIN,MONTERREY,06FOM-115
SIN,MONTERREY,06FUG-115
SIN,MONTERREY,06FUN-115
SIN,MONTERREY,06GAC-115
SIN,MONTERREY,06GDL-115
SIN,MONTERREY,06GRS-115
SIN,MONTERREY,06HUI-115
SIN,MONTERREY,06HUI-230
SIN,MONTERREY,06HUO-400
SIN,MONTERREY,06HYM-400
SIN,MONTERREY,06JAN-115
SIN,MONTERREY,06JCC-115
SIN,MONTERREY,06JEP-115
SIN,MONTERREY,06JNO-115
SIN,MONTERREY,06JOR-115
SIN,MONTERREY,06JZO-115
SIN,MONTERREY,06KGP-115
SIN,MONTERREY,06KMG-115
SIN,MONTERREY,06KOH-115
SIN,MONTERREY,06KRF-115
SIN,MONTERREY,06LAF-115
SIN,MONTERREY,06LEC-115
SIN,MONTERREY,06LEO-115
SIN,MONTERREY,06LOL-115
SIN,MONTERREY,06LRR-115
SIN,MONTERREY,06MAV-115
SIN,MONTERREY,06MCO-115
SIN,MONTERREY,06MDU-115
SIN,MONTERREY,06MIO-115
SIN,MONTERREY,06MIT-115
SIN,MONTERREY,06MKL-115
SIN,MONTERREY,06MMQ-230
SIN,MONTERREY,06MOD-115
SIN,MONTERREY,06MPX-115
SIN,MONTERREY,06MSA-115
SIN,MONTERREY,06MTI-115
SIN,MONTERREY,06MTP-115
SIN,MONTERREY,06MTY-115
SIN,MONTERREY,06MUN-115
SIN,MONTERREY,06MZQ-115
SIN,MONTERREY,06NAS-115
SIN,MONTERREY,06NEK-115
SIN,MONTERREY,06NIC-115
SIN,MONTERREY,06NOG-115
SIN,MONTERREY,06NUE-115
SIN,MONTERREY,06OBI-115
SIN,MONTERREY,06ORN-115
SIN,MONTERREY,06PAX-115
SIN,MONTERREY,06PBS-115
SIN,MONTERREY,06PCD-230
SIN,MONTERREY,06PEM-115
SIN,MONTERREY,06PGE-400
SIN,MONTERREY,06PIE-115
SIN,MONTERREY,06PIK-115
SIN,MONTERREY,06PLE-115
SIN,MONTERREY,06PMA-115
SIN,MONTERREY,06PQA-115
SIN,MONTERREY,06PQT-115
SIN,MONTERREY,06PRY-115
SIN,MONTERREY,06PTS-115
SIN,MONTERREY,06PZA-115
SIN,MONTERREY,06RDP-115
SIN,MONTERREY,06RIE-115
SIN,MONTERREY,06RIO-115
SIN,MONTERREY,06ROQ-115
SIN,MONTERREY,06SAH-115
SIN,MONTERREY,06SLL-115
SIN,MONTERREY,06SMA-115
SIN,MONTERREY,06SRD-115
SIN,MONTERREY,06STZ-115
SIN,MONTERREY,06TEC-115
SIN,MONTERREY,06THB-115
SIN,MONTERREY,06THO-115
SIN,MONTERREY,06TIB-115
SIN,MONTERREY,06TII-115
SIN,MONTERREY,06TPQ-115
SIN,MONTERREY,06TRQ-400
SIN,MONTERREY,06UCA-230
SIN,MONTERREY,06UNI-115
SIN,MONTERREY,06VAP-115
SIN,MONTERREY,06VDG-230
SIN,MONTERREY,06VJD-115
SIN,MONTERREY,06VKM-230
SIN,MONTERREY,06VLL-115
SIN,MONTERREY,06VOT-115
SIN,MONTERREY,06VRO-115
SIN,MONTERREY,06VSA-115
SIN,MONTERREY,06VSL-115
SIN,NUEVO LAREDO,06ADC-138
SIN,NUEVO LAREDO,06CAM-138
SIN,NUEVO LAREDO,06CID-138
SIN,NUEVO LAREDO,06CPR-138
SIN,NUEVO LAREDO,06FAM-138
SIN,NUEVO LAREDO,06LAO-138
SIN,NUEVO LAREDO,06MIG-138
SIN,NUEVO LAREDO,06MME-138
SIN,NUEVO LAREDO,06NUL-138
SIN,NUEVO LAREDO,06OJC-138
SIN,NUEVO LAREDO,06PIO-138
SIN,PIEDRAS NEGRAS,06ACD-138
SIN,PIEDRAS NEGRAS,06AMI-138
SIN,PIEDRAS NEGRAS,06AUA-138
SIN,PIEDRAS NEGRAS,06CBD-400
SIN,PIEDRAS NEGRAS,06CRO-138
SIN,PIEDRAS NEGRAS,06FTE-138
SIN,PIEDRAS NEGRAS,06MDS-138
SIN,PIEDRAS NEGRAS,06NAV-138
SIN,PIEDRAS NEGRAS,06NVS-230
SIN,PIEDRAS NEGRAS,06PIU-138
SIN,PIEDRAS NEGRAS,06PNE-138
SIN,PIEDRAS NEGRAS,06PUI-138
SIN,PIEDRAS NEGRAS,06REC-230
SIN,PIEDRAS NEGRAS,06REC-400
SIN,REYNOSA,06AER-138
SIN,REYNOSA,06AER-230
SIN,REYNOSA,06AER-400
SIN,REYNOSA,06ANZ-138
SIN,REYNOSA,06ATP-230
SIN,REYNOSA,06ATP-400
SIN,REYNOSA,06AZN-138
SIN,REYNOSA,06BAD-138
SIN,REYNOSA,06CRB-138
SIN,REYNOSA,06CUF-230
SIN,REYNOSA,06DNS-138
SIN,REYNOSA,06INO-138
SIN,REYNOSA,06JRA-138
SIN,REYNOSA,06JUZ-138
SIN,REYNOSA,06LVI-138
SIN,REYNOSA,06NRE-138
SIN,REYNOSA,06ORZ-138
SIN,REYNOSA,06PAI-138
SIN,REYNOSA,06PER-138
SIN,REYNOSA,06PIC-138
SIN,REYNOSA,06POG-138
SIN,REYNOSA,06RBP-138
SIN,REYNOSA,06REY-138
SIN,REYNOSA,06RIB-138
SIN,REYNOSA,06RIB-230
SIN,REYNOSA,06RYC-138
SIN,REYNOSA,06VLF-138
SIN,SABINAS,06MIE-115
SIN,SABINAS,06NUR-115
SIN,SABINAS,06NUR-230
SIN,SALTILLO,06AGN-115
SIN,SALTILLO,06ALM-115
SIN,SALTILLO,06ALP-115
SIN,SALTILLO,06APC-230
SIN,SALTILLO,06BRI-115
SIN,SALTILLO,06CAP-115
SIN,SALTILLO,06CED-230
SIN,SALTILLO,06CIB-115
SIN,SALTILLO,06CYC-115
SIN,SALTILLO,06FIS-115
SIN,SALTILLO,06GAM-115
SIN,SALTILLO,06GMO-115
SIN,SALTILLO,06ISR-115
SIN,SALTILLO,06LLN-115
SIN,SALTILLO,06MAB-115
SIN,SALTILLO,06MEH-230
SIN,SALTILLO,06MEO-230
SIN,SALTILLO,06MRL-115
SIN,SALTILLO,06MSC-115
SIN,SALTILLO,06NVD-115
SIN,SALTILLO,06PIA-115
SIN,SALTILLO,06PRV-115
SIN,SALTILLO,06PSM-115
SIN,SALTILLO,06RAP-115
SIN,SALTILLO,06RAP-400
SIN,SALTILLO,06ROB-115
SIN,SALTILLO,06RRA-115
SIN,SALTILLO,06SAL-115
SIN,SALTILLO,06SCP-400
SIN,SALTILLO,06SRP-230
SIN,SALTILLO,06ZPL-115
SIN,TAMPICO,06AAT-115
SIN,TAMPICO,06ALT-115
SIN,TAMPICO,06ALT-230
SIN,TAMPICO,06ALT-400
SIN,TAMPICO,06ANP-115
SIN,TAMPICO,06CHR-115
SIN,TAMPICO,06DUT-115
SIN,TAMPICO,06ETK-115
SIN,TAMPICO,06FME-115
SIN,TAMPICO,06GPT-115
SIN,TAMPICO,06INF-115
SIN,TAMPICO,06KAF-115
SIN,TAMPICO,06LDC-115
SIN,TAMPICO,06LDV-115
SIN,TAMPICO,06LLC-400
SIN,TAMPICO,06MES-400
SIN,TAMPICO,06MIA-230
SIN,TAMPICO,06MMD-230
SIN,TAMPICO,06NRJ-115
SIN,TAMPICO,06OZL-115
SIN,TAMPICO,06PAE-400
SIN,TAMPICO,06PCO-115
SIN,TAMPICO,06PLC-115
SIN,TAMPICO,06POL-115
SIN,TAMPICO,06PUO-115
SIN,TAMPICO,06RMA-115
SIN,TAMPICO,06TAM-115
SIN,TAMPICO,06TCL-115
SIN,TAMPICO,06TEG-400
SIN,TAMPICO,06TEP-400
SIN,TAMPICO,06TMO-115
SIN,TAMPICO,06TMS-400
SIN,TAMPICO,06TPC-115
SIN,TAMPICO,06TXE-115
SIN,TAMPICO,06UNT-115
SIN,VICTORIA,06BET-115
SIN,VICTORIA,06BIC-115
SIN,VICTORIA,06ESR-115
SIN,VICTORIA,06GUE-115
SIN,VICTORIA,06LBT-115
SIN,VICTORIA,06NST-115
SIN,VICTORIA,06OVO-115
SIN,VICTORIA,06TNA-115
SIN,VICTORIA,06VRA-115
SIN,CABORCA,04AGS-115
SIN,CABORCA,04ALT-115
SIN,CABORCA,04ANT-115
SIN,CABORCA,04ASE-115
SIN,CABORCA,04BZI-115
SIN,CABORCA,04CBA-115
SIN,CABORCA,04CCA-115
SIN,CABORCA,04DSE-115
SIN,CABORCA,04ICA-115
SIN,CABORCA,04LCH-115
SIN,CABORCA,04LLB-115
SIN,CABORCA,04LPN-115
SIN,CABORCA,04MFN-115
SIN,CABORCA,04ORI-115
SIN,CABORCA,04PLD-230
SIN,CABORCA,04PPA-115
SIN,CABORCA,04PYE-115
SIN,CABORCA,04SHO-115
SIN,CABORCA,04SNY-115
SIN,CABORCA,04SSA-115
SIN,CABORCA,04SVV-115
SIN,CULIACAN,04BCH-115
SIN,CULIACAN,04CCC-115
SIN,CULIACAN,04CLI-115
SIN,CULIACAN,04CMI-115
SIN,CULIACAN,04CMR-115
SIN,CULIACAN,04CSA-115
SIN,CULIACAN,04CUC-115
SIN,CULIACAN,04CUD-115
SIN,CULIACAN,04CUI-115
SIN,CULIACAN,04CUN-115
SIN,CULIACAN,04CUO-115
SIN,CULIACAN,04CUS-115
SIN,CULIACAN,04CUT-115
SIN,CULIACAN,04CUU-115
SIN,CULIACAN,04EDR-115
SIN,CULIACAN,04HYA-115
SIN,CULIACAN,04ISM-115
SIN,CULIACAN,04JSP-115
SIN,CULIACAN,04NTO-115
SIN,CULIACAN,04QLA-115
SIN,CULIACAN,04SLA-115
SIN,CULIACAN,04SPE-115
SIN,CULIACAN,04TSR-115
SIN,CULIACAN,04VDC-115
SIN,GUASAVE,04BMO-115
SIN,GUASAVE,04BRT-115
SIN,GUASAVE,04GML-115
SIN,GUASAVE,04GSV-115
SIN,GUASAVE,04HVF-115
SIN,GUASAVE,04LVS-115
SIN,GUASAVE,04SAA-115
SIN,GUASAVE,04SRF-115
SIN,GUAYMAS,04CDP-115
SIN,GUAYMAS,04CLA-115
SIN,GUAYMAS,04ECC-230
SIN,GUAYMAS,04ECD-400
SIN,GUAYMAS,04EPM-115
SIN,GUAYMAS,04FMA-115
SIN,GUAYMAS,04LMA-115
SIN,GUAYMAS,04MLA-115
SIN,GUAYMAS,04PGD-115
SIN,GUAYMAS,04PGD-230
SIN,GUAYMAS,04SCR-115
SIN,GUAYMAS,04SGU-115
SIN,HERMOSILLO,04ACU-115
SIN,HERMOSILLO,04BGT-115
SIN,HERMOSILLO,04CRD-115
SIN,HERMOSILLO,04DER-115
SIN,HERMOSILLO,04DYN-115
SIN,HERMOSILLO,04ETO-115
SIN,HERMOSILLO,04HAE-230
SIN,HERMOSILLO,04HCE-115
SIN,HERMOSILLO,04HLC-115
SIN,HERMOSILLO,04HLD-115
SIN,HERMOSILLO,04HLE-115
SIN,HERMOSILLO,04HLI-115
SIN,HERMOSILLO,04HLI-230
SIN,HERMOSILLO,04HLN-115
SIN,HERMOSILLO,04HLO-115
SIN,HERMOSILLO,04HLS-115
SIN,HERMOSILLO,04HLT-115
SIN,HERMOSILLO,04HLU-115
SIN,HERMOSILLO,04HMA-115
SIN,HERMOSILLO,04HMB-115
SIN,HERMOSILLO,04HMI-115
SIN,HERMOSILLO,04LAD-115
SIN,HERMOSILLO,04MAO-230
SIN,HERMOSILLO,04MAP-115
SIN,HERMOSILLO,04MMR-115
SIN,HERMOSILLO,04MMU-115
SIN,HERMOSILLO,04NVL-115
SIN,HERMOSILLO,04OAS-115
SIN,HERMOSILLO,04PIH-115
SIN,HERMOSILLO,04PTS-115
SIN,HERMOSILLO,04PUE-115
SIN,HERMOSILLO,04QRG-115
SIN,HERMOSILLO,04RGU-115
SIN,HERMOSILLO,04RIS-115
SIN,HERMOSILLO,04SBC-115
SIN,HERMOSILLO,04SBD-115
SIN,HERMOSILLO,04SBE-115
SIN,HERMOSILLO,04SBI-115
SIN,HERMOSILLO,04SBK-115
SIN,HERMOSILLO,04SBN-115
SIN,HERMOSILLO,04SBO-115
SIN,HERMOSILLO,04SBS-115
SIN,HERMOSILLO,04SBT-115
SIN,HERMOSILLO,04SBU-115
SIN,HERMOSILLO,04SBZ-115
SIN,HERMOSILLO,04SCL-115
SIN,HERMOSILLO,04SEL-115
SIN,HERMOSILLO,04SNC-115
SIN,HERMOSILLO,04SPP-115
SIN,HERMOSILLO,04STI-115
SIN,HERMOSILLO,04TCG-115
SIN,HERMOSILLO,04TST-115
SIN,HERMOSILLO,04URE-115
SIN,HERMOSILLO,04VNO-115
SIN,HERMOSILLO,04VPI-115
SIN,LOS MOCHIS,04AHO-115
SIN,LOS MOCHIS,04CHO-230
SIN,LOS MOCHIS,04CNT-115
SIN,LOS MOCHIS,04CRZ-115
SIN,LOS MOCHIS,04EFU-115
SIN,LOS MOCHIS,04HRS-115
SIN,LOS MOCHIS,04JAE-115
SIN,LOS MOCHIS,04JJR-115
SIN,LOS MOCHIS,04LMC-115
SIN,LOS MOCHIS,04LMD-115
SIN,LOS MOCHIS,04LMI-115
SIN,LOS MOCHIS,04LMT-115
SIN,LOS MOCHIS,04LMU-115
SIN,LOS MOCHIS,04MCE-115
SIN,LOS MOCHIS,04MLV-115
SIN,LOS MOCHIS,04RUC-115
SIN,LOS MOCHIS,04TPD-400
SIN,LOS MOCHIS,04TPO-115
SIN,LOS MOCHIS,04TPO-230
SIN,MAZATLAN,04DMA-115
SIN,MAZATLAN,04EPA-115
SIN,MAZATLAN,04HBL-115
SIN,MAZATLAN,04MAC-115
SIN,MAZATLAN,04MAE-115
SIN,MAZATLAN,04MRN-115
SIN,MAZATLAN,04MTE-115
SIN,MAZATLAN,04MZD-115
SIN,MAZATLAN,04MZD-230
SIN,MAZATLAN,04MZN-115
SIN,MAZATLAN,04MZO-115
SIN,MAZATLAN,04MZU-115
SIN,MAZATLAN,04ROS-115
SIN,MAZATLAN,04SVU-115
SIN,MAZATLAN,04VND-115
SIN,NAVOJOA,04AAM-115
SIN,NAVOJOA,04FUC-115
SIN,NAVOJOA,04HPO-115
SIN,NAVOJOA,04HTS-230
SIN,NAVOJOA,04MCM-115
SIN,NAVOJOA,04MRI-115
SIN,NAVOJOA,04NVI-115
SIN,NAVOJOA,04NVJ-115
SIN,NAVOJOA,04NVN-115
SIN,NAVOJOA,04NVO-115
SIN,NAVOJOA,04PNO-230
SIN,NAVOJOA,04VIJ-115
SIN,NAVOJOA,04VMY-115
SIN,NOGALES,04AGD-230
SIN,NOGALES,04AGI-115
SIN,NOGALES,04BNV-230
SIN,NOGALES,04EFR-230
SIN,NOGALES,04IMR-115
SIN,NOGALES,04ISC-115
SIN,NOGALES,04LCF-230
SIN,NOGALES,04LDO-115
SIN,NOGALES,04MDD-230
SIN,NOGALES,04MNV-230
SIN,NOGALES,04NGN-115
SIN,NOGALES,04NGS-115
SIN,NOGALES,04NNG-115
SIN,NOGALES,04NPO-115
SIN,NOGALES,04NRI-230
SIN,NOGALES,04OBS-230
SIN,NOGALES,04OCU-115
SIN,NOGALES,04SCN-115
SIN,NOGALES,04SCN-230
SIN,NOGALES,04STA-115
SIN,OBREGON,04BND-115
SIN,OBREGON,04CAJ-115
SIN,OBREGON,04CCI-115
SIN,OBREGON,04COC-115
SIN,OBREGON,04COD-115
SIN,OBREGON,04COT-115
SIN,OBREGON,04HDS-115
SIN,OBREGON,04MBL-115
SIN,OBREGON,04MCO-115
SIN,OBREGON,04NNR-115
SIN,OBREGON,04OBU-115
SIN,OBREGON,04OVI-115
SIN,OBREGON,04PRG-115
SIN,OBREGON,04PRO-115
SIN,OBREGON,04TBR-115
SIN,OBREGON,04TTB-115
SIN,OBREGON,04VCM-115
SIN,OBREGON,04VDY-115
SIN,OBREGON,04VGU-115
SIN,OBREGON,04VYD-115
SIN,CAMARGO,05ABG-115
SIN,CAMARGO,05ALV-115
SIN,CAMARGO,05ARM-115
SIN,CAMARGO,05BBA-115
SIN,CAMARGO,05BLV-115
SIN,CAMARGO,05BOQ-115
SIN,CAMARGO,05BUF-115
SIN,CAMARGO,05CAT-115
SIN,CAMARGO,05CGD-115
SIN,CAMARGO,05CGU-115
SIN,CAMARGO,05CLN-115
SIN,CAMARGO,05CMN-115
SIN,CAMARGO,05DEL-115
SIN,CAMARGO,05DLD-115
SIN,CAMARGO,05DUR-115
SIN,CAMARGO,05ESC-115
SIN,CAMARGO,05FVL-115
SIN,CAMARGO,05FVL-230
SIN,CAMARGO,05GCH-115
SIN,CAMARGO,05GVD-115
SIN,CAMARGO,05GVI-115
SIN,CAMARGO,05HCL-230
SIN,CAMARGO,05JEZ-115
SIN,CAMARGO,05KOO-115
SIN,CAMARGO,05LCS-115
SIN,CAMARGO,05LPL-115
SIN,CAMARGO,05MOQ-115
SIN,CAMARGO,05NAI-115
SIN,CAMARGO,05NHO-115
SIN,CAMARGO,05OAS-115
SIN,CAMARGO,05OJI-115
SIN,CAMARGO,05PAR-115
SIN,CAMARGO,05PTJ-115
SIN,CAMARGO,05RIF-115
SIN,CAMARGO,05SAJ-115
SIN,CAMARGO,05SFO-115
SIN,CAMARGO,05SGU-115
SIN,CAMARGO,05SMO-115
SIN,CAMARGO,05THS-115
SIN,CAMARGO,05TRE-115
SIN,CAMARGO,05TSM-115
SIN,CAMARGO,05VCM-115
SIN,CAMARGO,05WRA-115
SIN,CASAS GRANDES,05AON-115
SIN,CASAS GRANDES,05BJZ-115
SIN,CASAS GRANDES,05BSM-115
SIN,CASAS GRANDES,05CGR-115
SIN,CASAS GRANDES,05CUA-115
SIN,CASAS GRANDES,05GAV-115
SIN,CASAS GRANDES,05GNA-115
SIN,CASAS GRANDES,05JOS-115
SIN,CASAS GRANDES,05LAP-115
SIN,CASAS GRANDES,05LSA-115
SIN,CASAS GRANDES,05MCZ-115
SIN,CASAS GRANDES,05MCZ-230
SIN,CASAS GRANDES,05MMS-230
SIN,CASAS GRANDES,05MTV-115
SIN,CASAS GRANDES,05PMS-115
SIN,CASAS GRANDES,05SBV-115
SIN,CASAS GRANDES,05SSM-115
SIN,CASAS GRANDES,05VAH-115
SIN,CASAS GRANDES,05VEZ-115
SIN,CASAS GRANDES,05VSM-115
SIN,CHIHUAHUA,05ALT-115
SIN,CHIHUAHUA,05AMA-115
SIN,CHIHUAHUA,05AMR-115
SIN,CHIHUAHUA,05AUM-115
SIN,CHIHUAHUA,05BAF-115
SIN,CHIHUAHUA,05CAS-115
SIN,CHIHUAHUA,05CCD-115
SIN,CHIHUAHUA,05CCU-115
SIN,CHIHUAHUA,05CHU-230
SIN,CHIHUAHUA,05CIN-115
SIN,CHIHUAHUA,05COM-115
SIN,CHIHUAHUA,05CPN-115
SIN,CHIHUAHUA,05CSG-115
SIN,CHIHUAHUA,05CUN-115
SIN,CHIHUAHUA,05CUP-115
SIN,CHIHUAHUA,05END-230
SIN,CHIHUAHUA,05ENO-230
SIN,CHIHUAHUA,05ESZ-115
SIN,CHIHUAHUA,05FMR-115
SIN,CHIHUAHUA,05FPD-115
SIN,CHIHUAHUA,05FRD-115
SIN,CHIHUAHUA,05GTR-115
SIN,CHIHUAHUA,05HDS-115
SIN,CHIHUAHUA,05HNW-115
SIN,CHIHUAHUA,05ISD-115
SIN,CHIHUAHUA,05ISP-115
SIN,CHIHUAHUA,05ITC-115
SIN,CHIHUAHUA,05JAB-115
SIN,CHIHUAHUA,05LEN-230
SIN,CHIHUAHUA,05MTR-115
SIN,CHIHUAHUA,05NDD-115
SIN,CHIHUAHUA,05OCP-115
SIN,CHIHUAHUA,05PCH-115
SIN,CHIHUAHUA,05PMR-115
SIN,CHIHUAHUA,05PPS-115
SIN,CHIHUAHUA,05RNN-115
SIN,CHIHUAHUA,05SAU-115
SIN,CHIHUAHUA,05TBL-115
SIN,CHIHUAHUA,05VIT-115
SIN,CHIHUAHUA,05VTL-115
SIN,CUAUHTEMOC,05AGE-115
SIN,CUAUHTEMOC,05ARE-115
SIN,CUAUHTEMOC,05AVO-115
SIN,CUAUHTEMOC,05BAS-115
SIN,CUAUHTEMOC,05CHC-115
SIN,CUAUHTEMOC,05CHD-115
SIN,CUAUHTEMOC,05CON-115
SIN,CUAUHTEMOC,05CRC-115
SIN,CUAUHTEMOC,05CRL-115
SIN,CUAUHTEMOC,05DIV-115
SIN,CUAUHTEMOC,05GML-115
SIN,CUAUHTEMOC,05LEO-115
SIN,CUAUHTEMOC,05LZM-115
SIN,CUAUHTEMOC,05MBA-115
SIN,CUAUHTEMOC,05MCO-115
SIN,CUAUHTEMOC,05MDO-115
SIN,CUAUHTEMOC,05MEN-115
SIN,CUAUHTEMOC,05NCB-115
SIN,CUAUHTEMOC,05NQA-115
SIN,CUAUHTEMOC,05PAL-115
SIN,CUAUHTEMOC,05RCS-115
SIN,CUAUHTEMOC,05SFB-115
SIN,DURANGO,05AMN-115
SIN,DURANGO,05BAC-115
SIN,DURANGO,05CDM-115
SIN,DURANGO,05CHA-115
SIN,DURANGO,05CHL-115
SIN,DURANGO,05CID-115
SIN,DURANGO,05CIE-115
SIN,DURANGO,05CLI-115
SIN,DURANGO,05CME1115
SIN,DURANGO,05CND-115
SIN,DURANGO,05DGD-115
SIN,DURANGO,05DGU-115
SIN,DURANGO,05ESL-115
SIN,DURANGO,05GDN-115
SIN,DURANGO,05GVR-115
SIN,DURANGO,05INW-115
SIN,DURANGO,05LAF-115
SIN,DURANGO,05LPA-115
SIN,DURANGO,05LTR-230
SIN,DURANGO,05MAC-115
SIN,DURANGO,05MDT-115
SIN,DURANGO,05MIL-115
SIN,DURANGO,05MRT-115
SIN,DURANGO,05MSS-115
SIN,DURANGO,05MVC-115
SIN,DURANGO,05NID-115
SIN,DURANGO,05QDO-115
SIN,DURANGO,05SAB-115
SIN,DURANGO,05SGP-115
SIN,DURANGO,05SOM-115
SIN,DURANGO,05VGR-115
SIN,JUAREZ,05AEP-115
SIN,JUAREZ,05ALI-115
SIN,JUAREZ,05AZT-115
SIN,JUAREZ,05CAR-115
SIN,JUAREZ,05CEJ-115
SIN,JUAREZ,05CJM-115
SIN,JUAREZ,05CLG-115
SIN,JUAREZ,05CME2115
SIN,JUAREZ,05CMF-115
SIN,JUAREZ,05CMS-115
SIN,JUAREZ,05COS-115
SIN,JUAREZ,05CUE-115
SIN,JUAREZ,05CVA-115
SIN,JUAREZ,05CZL-115
SIN,JUAREZ,05DLP-115
SIN,JUAREZ,05DUN-115
SIN,JUAREZ,05FLE-115
SIN,JUAREZ,05FTS-115
SIN,JUAREZ,05FXD-115
SIN,JUAREZ,05GEM-115
SIN,JUAREZ,05GJO-115
SIN,JUAREZ,05IGS-115
SIN,JUAREZ,05INJ-115
SIN,JUAREZ,05INO-115
SIN,JUAREZ,05INS-115
SIN,JUAREZ,05LAG-115
SIN,JUAREZ,05LEX-115
SIN,JUAREZ,05LTD-115
SIN,JUAREZ,05LXD-115
SIN,JUAREZ,05MBO-230
SIN,JUAREZ,05MED-115
SIN,JUAREZ,05NCE-230
SIN,JUAREZ,05OTV-115
SIN,JUAREZ,05PAT-115
SIN,JUAREZ,05PQE-115
SIN,JUAREZ,05PRR-115
SIN,JUAREZ,05ROB-115
SIN,JUAREZ,05RVA-115
SIN,JUAREZ,05SID-115
SIN,JUAREZ,05SIG-115
SIN,JUAREZ,05SJE-115
SIN,JUAREZ,05SVC-115
SIN,JUAREZ,05SYC-230
SIN,JUAREZ,05SYD-230
SIN,JUAREZ,05TEC-115
SIN,JUAREZ,05TOR-115
SIN,JUAREZ,05VIU-115
SIN,JUAREZ,05WER-115
SIN,JUAREZ,05ZZA-115
SIN,LAGUNA,05ABA-115
SIN,LAGUNA,05ADI-115
SIN,LAGUNA,05ALL-115
SIN,LAGUNA,05AMS-115
SIN,LAGUNA,05AND-230
SIN,LAGUNA,05BAT-115
SIN,LAGUNA,05BER-115
SIN,LAGUNA,05CEB-115
SIN,LAGUNA,05CEM-115
SIN,LAGUNA,05CFN-115
SIN,LAGUNA,05CLA-115
SIN,LAGUNA,05CRN-115
SIN,LAGUNA,05CZU-115
SIN,LAGUNA,05DGN-115
SIN,LAGUNA,05DIN-115
SIN,LAGUNA,05DPH-115
SIN,LAGUNA,05EDU-115
SIN,LAGUNA,05ELP-115
SIN,LAGUNA,05ELV-115
SIN,LAGUNA,05EZT-115
SIN,LAGUNA,05FRC-115
SIN,LAGUNA,05FZA-115
SIN,LAGUNA,05GPL-115
SIN,LAGUNA,05GPL-230
SIN,LAGUNA,05JAR-115
SIN,LAGUNA,05JND-115
SIN,LAGUNA,05LAL-115
SIN,LAGUNA,05LED-230
SIN,LAGUNA,05LGA-115
SIN,LAGUNA,05LGD-115
SIN,LAGUNA,05LGM-115
SIN,LAGUNA,05LGS-115
SIN,LAGUNA,05LJT-115
SIN,LAGUNA,05LRE-115
SIN,LAGUNA,05LRT-115
SIN,LAGUNA,05LSC-115
SIN,LAGUNA,05LUC-115
SIN,LAGUNA,05MAT-115
SIN,LAGUNA,05MAU-115
SIN,LAGUNA,05MAY-115
SIN,LAGUNA,05MIR-115
SIN,LAGUNA,05MMI-115
SIN,LAGUNA,05MVI-400
SIN,LAGUNA,05PDA-115
SIN,LAGUNA,05PEL-230
SIN,LAGUNA,05PHS-115
SIN,LAGUNA,05PLA-115
SIN,LAGUNA,05PPR-115
SIN,LAGUNA,05PRA-115
SIN,LAGUNA,05PSA-115
SIN,LAGUNA,05REM-115
SIN,LAGUNA,05RLU-115
SIN,LAGUNA,05SCT-115
SIN,LAGUNA,05SPD-115
SIN,LAGUNA,05TAK-115
SIN,LAGUNA,05TMA-115
SIN,LAGUNA,05TOT-115
SIN,LAGUNA,05TRR-115
SIN,LAGUNA,05VAE-115
SIN,LAGUNA,05YMO-115
SIN,MONTERREY,06AIR-115
SIN,AGUASCALIENTES,03AGN-115
SIN,AGUASCALIENTES,03AGO-115
SIN,AGUASCALIENTES,03AGP-115
SIN,AGUASCALIENTES,03AGS-115
SIN,AGUASCALIENTES,03AIS-115
SIN,AGUASCALIENTES,03ALF-115
SIN,AGUASCALIENTES,03APT-115
SIN,AGUASCALIENTES,03APT-230
SIN,AGUASCALIENTES,03ASS-115
SIN,AGUASCALIENTES,03ASU-115
SIN,AGUASCALIENTES,03AYU-115
SIN,AGUASCALIENTES,03BOL-115
SIN,AGUASCALIENTES,03CUB-115
SIN,AGUASCALIENTES,03CVO-115
SIN,AGUASCALIENTES,03CZA-230
SIN,AGUASCALIENTES,03ENC-115
SIN,AGUASCALIENTES,03GOP-115
SIN,AGUASCALIENTES,03HOM-230
SIN,AGUASCALIENTES,03ISF-115
SIN,AGUASCALIENTES,03JAP-115
SIN,AGUASCALIENTES,03JAT-115
SIN,AGUASCALIENTES,03JTC-115
SIN,AGUASCALIENTES,03KDA-230
SIN,AGUASCALIENTES,03LOR-115
SIN,AGUASCALIENTES,03MAH-115
SIN,AGUASCALIENTES,03MDM-115
SIN,AGUASCALIENTES,03MPM-400
SIN,AGUASCALIENTES,03MRE-115
SIN,AGUASCALIENTES,03MRS-115
SIN,AGUASCALIENTES,03MSL-230
SIN,AGUASCALIENTES,03NSS-115
SIN,AGUASCALIENTES,03OJU-115
SIN,AGUASCALIENTES,03OMG-115
SIN,AGUASCALIENTES,03PAB-115
SIN,AGUASCALIENTES,03PAO-115
SIN,AGUASCALIENTES,03PEN1115
SIN,AGUASCALIENTES,03POM-400
SIN,AGUASCALIENTES,03SAN-115
SIN,AGUASCALIENTES,03SFC-115
SIN,AGUASCALIENTES,03SFR-115
SIN,AGUASCALIENTES,03STE-115
SIN,AGUASCALIENTES,03TAG-115
SIN,AGUASCALIENTES,03TAY-115
SIN,AGUASCALIENTES,03TCN-115
SIN,AGUASCALIENTES,03TXS-115
SIN,AGUASCALIENTES,03VDL-115
SIN,AGUASCALIENTES,03VJU-115
SIN,AGUASCALIENTES,03VQM-230
SIN,APATZINGAN,03ADR-69
SIN,APATZINGAN,03ANN-115
SIN,APATZINGAN,03APZ-115
SIN,APATZINGAN,03CBN-69
SIN,APATZINGAN,03CCR-115
SIN,APATZINGAN,03CHC-69
SIN,APATZINGAN,03CON-115
SIN,APATZINGAN,03CPT-161
SIN,APATZINGAN,03DSC-69
SIN,APATZINGAN,03HUC-69
SIN,APATZINGAN,03ING-69
SIN,APATZINGAN,03LMB-69
SIN,APATZINGAN,03NVI-69
SIN,APATZINGAN,03PAD-115
SIN,APATZINGAN,03PIZ-115
SIN,APATZINGAN,03PUU-69
SIN,APATZINGAN,03TPD-115
SIN,APATZINGAN,03VAV-115
SIN,CELAYA,03AMB-115
SIN,CELAYA,03API-115
SIN,CELAYA,03APO-115
SIN,CELAYA,03APS-115
SIN,CELAYA,03AXH-115
SIN,CELAYA,03BRN-115
SIN,CELAYA,03CAE-115
SIN,CELAYA,03CEY-115
SIN,CELAYA,03CHI-115
SIN,CELAYA,03CLF-115
SIN,CELAYA,03CLP-115
SIN,CELAYA,03CLY-115
SIN,CELAYA,03CTI-115
SIN,CELAYA,03CYA-115
SIN,CELAYA,03CYI-115
SIN,CELAYA,03CYS-115
SIN,CELAYA,03CZR-115
SIN,CELAYA,03DEA-230
SIN,CELAYA,03DHD-115
SIN,CELAYA,03EME-115
SIN,CELAYA,03FSM-115
SIN,CELAYA,03GKN-115
SIN,CELAYA,03HDA-115
SIN,CELAYA,03HND-115
SIN,CELAYA,03ICB-115
SIN,CELAYA,03MAB1115
SIN,CELAYA,03MAL-115
SIN,CELAYA,03MRC-115
SIN,CELAYA,03PEM-115
SIN,CELAYA,03POL-115
SIN,CELAYA,03POT-115
SIN,CELAYA,03SCZ-115
SIN,CELAYA,03SFL-115
SIN,CELAYA,03SIB-230
SIN,CELAYA,03SMS-115
SIN,CELAYA,03VEL-115
SIN,CELAYA,03VIG-115
SIN,CIENEGA,03ACC-69
SIN,CIENEGA,03ADE-115
SIN,CIENEGA,03ALM-69
SIN,CIENEGA,03ATQ-230
SIN,CIENEGA,03CEE-115
SIN,CIENEGA,03CHA-69
SIN,CIENEGA,03CLA-115
SIN,CIENEGA,03COC-69
SIN,CIENEGA,03CST-69
SIN,CIENEGA,03CTA-69
SIN,CIENEGA,03CZO-115
SIN,CIENEGA,03EDO-69
SIN,CIENEGA,03EFF-115
SIN,CIENEGA,03EMM-115
SIN,CIENEGA,03EMP-69
SIN,CIENEGA,03ESJ-69
SIN,CIENEGA,03EVS-69
SIN,CIENEGA,03GAT-69
SIN,CIENEGA,03GOS-69
SIN,CIENEGA,03HMA-115
SIN,CIENEGA,03HON-69
SIN,CIENEGA,03HYL-69
SIN,CIENEGA,03JCT-69
SIN,CIENEGA,03LRE-115
SIN,CIENEGA,03MCH-69
SIN,CIENEGA,03OCN-115
SIN,CIENEGA,03PGN-69
SIN,CIENEGA,03PNC-115
SIN,CIENEGA,03POL-69
SIN,CIENEGA,03PTD-69
SIN,CIENEGA,03SAC-69
SIN,CIENEGA,03SAJ-69
SIN,CIENEGA,03SCU-69
SIN,CIENEGA,03TTO-115
SIN,CIENEGA,03ZAD-115
SIN,CIENEGA,03ZAL-69
SIN,COLIMA,03AIA-115
SIN,COLIMA,03APP-115
SIN,COLIMA,03ASM-115
SIN,COLIMA,03AZA-115
SIN,COLIMA,03BCT-115
SIN,COLIMA,03CHY-115
SIN,COLIMA,03CMN-115
SIN,COLIMA,03CNO-115
SIN,COLIMA,03DAM-115
SIN,COLIMA,03ELA-115
SIN,COLIMA,03MNT-115
SIN,COLIMA,03MTE-115
SIN,COLIMA,03PAL-115
SIN,COLIMA,03PEC-115
SIN,COLIMA,03SCC-115
SIN,COLIMA,03TEC-115
SIN,COLIMA,03TOA-115
SIN,COLIMA,03VAT2115
SIN,COLIMA,03VDA-115
SIN,FRESNILLO,03AEZ-115
SIN,FRESNILLO,03BON-115
SIN,FRESNILLO,03CAI-115
SIN,FRESNILLO,03CAL-115
SIN,FRESNILLO,03FAJ-115
SIN,FRESNILLO,03FNO-115
SIN,FRESNILLO,03FRI-115
SIN,FRESNILLO,03FRN-115
SIN,FRESNILLO,03HDZ-115
SIN,FRESNILLO,03LAS-115
SIN,FRESNILLO,03MGU-115
SIN,FRESNILLO,03PNQ-400
SIN,FRESNILLO,03PRL-115
SIN,FRESNILLO,03RAG-115
SIN,FRESNILLO,03RGR-115
SIN,FRESNILLO,03RIG-115
SIN,FRESNILLO,03SJE-115
SIN,FRESNILLO,03VPS-115
SIN,GUADALAJARA,03ACU-69
SIN,GUADALAJARA,03ADS-69
SIN,GUADALAJARA,03AGZ-230
SIN,GUADALAJARA,03ALA-69
SIN,GUADALAJARA,03ALK-69
SIN,GUADALAJARA,03ALS-230
SIN,GUADALAJARA,03AMX-69
SIN,GUADALAJARA,03APR-230
SIN,GUADALAJARA,03BUG-69
SIN,GUADALAJARA,03CBO-69
SIN,GUADALAJARA,03CIG-69
SIN,GUADALAJARA,03CLJ-115
SIN,GUADALAJARA,03CLL-69
SIN,GUADALAJARA,03CLN-230
SIN,GUADALAJARA,03CMX-69
SIN,GUADALAJARA,03CNS-69
SIN,GUADALAJARA,03CUQ-115
SIN,GUADALAJARA,03ENV-69
SIN,GUADALAJARA,03EXP-69
SIN,GUADALAJARA,03FER-69
SIN,GUADALAJARA,03FRE-69
SIN,GUADALAJARA,03GDO-69
SIN,GUADALAJARA,03GDU-230
SIN,GUADALAJARA,03GUD-161
SIN,GUADALAJARA,03GUD-69
SIN,GUADALAJARA,03GUI-230
SIN,GUADALAJARA,03GUN-230
SIN,GUADALAJARA,03GUN-69
SIN,GUADALAJARA,03HIG-69
SIN,GUADALAJARA,03HUN-69
SIN,GUADALAJARA,03IBM-69
SIN,GUADALAJARA,03JBL-69
SIN,GUADALAJARA,03KDK-69
SIN,GUADALAJARA,03LEC-69
SIN,GUADALAJARA,03LPS-69
SIN,GUADALAJARA,03LYE-400
SIN,GUADALAJARA,03MIL-69
SIN,GUADALAJARA,03MIN-69
SIN,GUADALAJARA,03MOD-69
SIN,GUADALAJARA,03MOJ-69
SIN,GUADALAJARA,03MXJ-69
SIN,GUADALAJARA,03NHE-230
SIN,GUADALAJARA,03OBL-69
SIN,GUADALAJARA,03PNL-69
SIN,GUADALAJARA,03PNR-69
SIN,GUADALAJARA,03PQI-69
SIN,GUADALAJARA,03PTE-69
SIN,GUADALAJARA,03RAE-69
SIN,GUADALAJARA,03SAG-69
SIN,GUADALAJARA,03SCH-69
SIN,GUADALAJARA,03SCI-69
SIN,GUADALAJARA,03SCR-69
SIN,GUADALAJARA,03SIE-69
SIN,GUADALAJARA,03SIS-69
SIN,GUADALAJARA,03SLT-69
SIN,GUADALAJARA,03SMR-230
SIN,GUADALAJARA,03SOL-69
SIN,GUADALAJARA,03SPB-69
SIN,GUADALAJARA,03STO-69
SIN,GUADALAJARA,03TIM-400
SIN,GUADALAJARA,03TIT-69
SIN,GUADALAJARA,03TNI-69
SIN,GUADALAJARA,03TSN-69
SIN,GUADALAJARA,03TUZ-230
SIN,GUADALAJARA,03UAG-69
SIN,GUADALAJARA,03UVM-69
SIN,GUADALAJARA,03VID-69
SIN,GUADALAJARA,03ZLT-69
SIN,GUADALAJARA,03ZPA-230
SIN,GUADALAJARA,03ZQP-69
SIN,IRAPUATO,03ABS-115
SIN,IRAPUATO,03AIL-115
SIN,IRAPUATO,03AVT-115
SIN,IRAPUATO,03AXL-115
SIN,IRAPUATO,03CDR-115
SIN,IRAPUATO,03CIF-115
SIN,IRAPUATO,03CUE-115
SIN,IRAPUATO,03DEN-115
SIN,IRAPUATO,03DNN-115
SIN,IRAPUATO,03GMC-115
SIN,IRAPUATO,03GRH-115
SIN,IRAPUATO,03GSU-115
SIN,IRAPUATO,03GTO-115
SIN,IRAPUATO,03HEM-115
SIN,IRAPUATO,03HNM-115
SIN,IRAPUATO,03IGC-115
SIN,IRAPUATO,03IPP-115
SIN,IRAPUATO,03IRA-115
SIN,IRAPUATO,03IRI-115
SIN,IRAPUATO,03IRP-115
SIN,IRAPUATO,03IRV-115
SIN,IRAPUATO,03LAL-115
SIN,IRAPUATO,03LCN-115
SIN,IRAPUATO,03LGL-115
SIN,IRAPUATO,03LPM-115
SIN,IRAPUATO,03MAZ-115
SIN,IRAPUATO,03MGM-230
SIN,IRAPUATO,03MGT-115
SIN,IRAPUATO,03MRB-115
SIN,IRAPUATO,03MTK-115
SIN,IRAPUATO,03MTO-115
SIN,IRAPUATO,03NUM-115
SIN,IRAPUATO,03PGM-115
SIN,IRAPUATO,03PIR-115
SIN,IRAPUATO,03PMX-115
SIN,IRAPUATO,03PNJ-115
SIN,IRAPUATO,03PNV-115
SIN,IRAPUATO,03PTI-115
SIN,IRAPUATO,03RTA-115
SIN,IRAPUATO,03SCG-230
SIN,IRAPUATO,03SFD-115
SIN,IRAPUATO,03SFT-115
SIN,IRAPUATO,03SIL-115
SIN,IRAPUATO,03SLM-115
SIN,IRAPUATO,03SLM-230
SIN,IRAPUATO,03SLN-115
SIN,IRAPUATO,03SPO-115
SIN,IRAPUATO,03SSU-115
SIN,IRAPUATO,03TRJ-115
SIN,IRAPUATO,03TYA-115
SIN,IRAPUATO,03USM-115
SIN,IRAPUATO,03UVX-115
SIN,IRAPUATO,03VWS-115
SIN,IRAPUATO,03VYN-115
SIN,IXMIQUILPAN,03AUD-115
SIN,IXMIQUILPAN,03BOQ-115
SIN,IXMIQUILPAN,03CMX-230
SIN,IXMIQUILPAN,03DAN-230
SIN,IXMIQUILPAN,03HCH-115
SIN,IXMIQUILPAN,03HUM-115
SIN,IXMIQUILPAN,03TCZ-115
SIN,IXMIQUILPAN,03VIZ-115
SIN,IXMIQUILPAN,03ZIM-115
SIN,IXMIQUILPAN,03ZMN-115
SIN,IXMIQUILPAN,03ZMN-230
SIN,JIQUILPAN,03JIQ-115
SIN,JIQUILPAN,03JOG-115
SIN,JIQUILPAN,03SHY-115
SIN,JIQUILPAN,03VNC-115
SIN,LEON,03AYA-115
SIN,LEON,03EGJ-115
SIN,LEON,03GJA-115
SIN,LEON,03GOC-115
SIN,LEON,03ICL-115
SIN,LEON,03INN-115
SIN,LEON,03JEM-115
SIN,LEON,03LGG-115
SIN,LEON,03LGS-115
SIN,LEON,03LJY-115
SIN,LEON,03LNA-115
SIN,LEON,03LNM-115
SIN,LEON,03LNN-115
SIN,LEON,03LNO-115
SIN,LEON,03LNP-115
SIN,LEON,03LNU-115
SIN,LEON,03LSA-115
SIN,LEON,03LTL-115
SIN,LEON,03LVR-115
SIN,LEON,03MKI-115
SIN,LEON,03MMH-115
SIN,LEON,03MRA1115
SIN,LEON,03PAP1115
SIN,LEON,03RPI-115
SIN,LEON,03RYM-115
SIN,LEON,03SCA-115
SIN,LEON,03SFQ-115
SIN,LEON,03SPL-115
SIN,LEON,03SRQ-115
SIN,LEON,03TER-115
SIN,LEON,03TOO-115
SIN,LOS ALTOS,03BRC-115
SIN,LOS ALTOS,03CIA-115
SIN,LOS ALTOS,03CUV-115
SIN,LOS ALTOS,03JDL-115
SIN,LOS ALTOS,03JLT-115
SIN,LOS ALTOS,03MIG-115
SIN,LOS ALTOS,03MXT-115
SIN,LOS ALTOS,03TEO-115
SIN,LOS ALTOS,03TPT-115
SIN,LOS ALTOS,03VGP-115
SIN,MANZANILLO,03AYL-115
SIN,MANZANILLO,03CDI-115
SIN,MANZANILLO,03CHT-115
SIN,MANZANILLO,03CML-115
SIN,MANZANILLO,03FDP-115
SIN,MANZANILLO,03LHT-115
SIN,MANZANILLO,03MLQ-115
SIN,MANZANILLO,03MNZ-230
SIN,MANZANILLO,03MNZ-400
SIN,MANZANILLO,03MRM-115
SIN,MANZANILLO,03MTC-115
SIN,MANZANILLO,03SLH-115
SIN,MANZANILLO,03TAP-115
SIN,MANZANILLO,03TCS-115
SIN,MANZANILLO,03TGM-115
SIN,MATEHUALA,03CAK-115
SIN,MATEHUALA,03CHK-115
SIN,MATEHUALA,03CMZ-115
SIN,MATEHUALA,03GDL-115
SIN,MATEHUALA,03IMM-115
SIN,MATEHUALA,03MHR-115
SIN,MATEHUALA,03MHS-115
SIN,MATEHUALA,03MLP-115
SIN,MATEHUALA,03MZM-115
SIN,MATEHUALA,03VAR-115
SIN,MINAS,03AMK-115
SIN,MINAS,03AMT-69
SIN,MINAS,03AUT-115
SIN,MINAS,03ELT-69
SIN,MINAS,03ETA-115
SIN,MINAS,03GRU-115
SIN,MINAS,03GVA-115
SIN,MINAS,03LVG-69
SIN,MINAS,03LVT-69
SIN,MINAS,03MZI-115
SIN,MINAS,03SCM-115
SIN,MINAS,03SCM-69
SIN,MINAS,03SLY-115
SIN,MINAS,03SRO-69
SIN,MINAS,03TCT-115
SIN,MINAS,03TLA-69
SIN,MINAS,03TPA-69
SIN,MINAS,03TQA-69
SIN,MINAS,03VCS-69
SIN,MORELIA,03ABT-115
SIN,MORELIA,03AER-115
SIN,MORELIA,03AZF-115
SIN,MORELIA,03AZS-115
SIN,MORELIA,03CDH-115
SIN,MORELIA,03CMS-115
SIN,MORELIA,03CPE-115
SIN,MORELIA,03CTZ-115
SIN,MORELIA,03CZS-115
SIN,MORELIA,03DEO-115
SIN,MORELIA,03INE-115
SIN,MORELIA,03LAG-115
SIN,MORELIA,03MEL-115
SIN,MORELIA,03MNC-115
SIN,MORELIA,03MOI-115
SIN,MORELIA,03MOR-115
SIN,MORELIA,03MRD-115
SIN,MORELIA,03PCS-115
SIN,MORELIA,03PDG-115
SIN,MORELIA,03PTN-115
SIN,MORELIA,03QNC-115
SIN,MORELIA,03SJZ-115
SIN,MORELIA,03SNM-115
SIN,MORELIA,03STG-115
SIN,MORELIA,03SUN-115
SIN,MORELIA,03TGS-115
SIN,MORELIA,03TRB-115
SIN,MORELIA,03TSM-115
SIN,MORELIA,03TXP-115
SIN,MORELIA,03ZIN-115
SIN,MORELIA,03ZIT-115
SIN,MORELIA,03ZTD-115
SIN,QUERETARO,03AET-115
SIN,QUERETARO,03ALM-115
SIN,QUERETARO,03ARL-115
SIN,QUERETARO,03ATV-115
SIN,QUERETARO,03BNA-115
SIN,QUERETARO,03BVN-115
SIN,QUERETARO,03CAB-115
SIN,QUERETARO,03CAM-115
SIN,QUERETARO,03CIM-115
SIN,QUERETARO,03COO-115
SIN,QUERETARO,03DTX-115
SIN,QUERETARO,03ECO-115
SIN,QUERETARO,03ELR-115
SIN,QUERETARO,03FRA-115
SIN,QUERETARO,03FRJ-115
SIN,QUERETARO,03GRI-115
SIN,QUERETARO,03HOL-115
SIN,QUERETARO,03HTA-115
SIN,QUERETARO,03INV-115
SIN,QUERETARO,03ITA-115
SIN,QUERETARO,03JUR-115
SIN,QUERETARO,03KEL-115
SIN,QUERETARO,03LDE-230
SIN,QUERETARO,03LLM-115
SIN,QUERETARO,03MCH-115
SIN,QUERETARO,03MHI-115
SIN,QUERETARO,03MIC-115
SIN,QUERETARO,03MMX-115
SIN,QUERETARO,03MPQ-115
SIN,QUERETARO,03MQO-115
SIN,QUERETARO,03MRQ-115
SIN,QUERETARO,03NGA-115
SIN,QUERETARO,03NST-115
SIN,QUERETARO,03NTA-115
SIN,QUERETARO,03PER-115
SIN,QUERETARO,03POR-115
SIN,QUERETARO,03PRT-115
SIN,QUERETARO,03QMR-115
SIN,QUERETARO,03QPE-115
SIN,QUERETARO,03QRE-115
SIN,QUERETARO,03QRI-115
SIN,QUERETARO,03QRN-115
SIN,QUERETARO,03QRO-115
SIN,QUERETARO,03QRP-115
SIN,QUERETARO,03QRS-115
SIN,QUERETARO,03RXM-115
SIN,QUERETARO,03SAM-115
SIN,QUERETARO,03SAP-115
SIN,QUERETARO,03SAT-115
SIN,QUERETARO,03SAU-230
SIN,QUERETARO,03SDD-115
SIN,QUERETARO,03SDP-115
SIN,QUERETARO,03SFS-115
SIN,QUERETARO,03SJI-115
SIN,QUERETARO,03SPA-115
SIN,QUERETARO,03SPA-230
SIN,QUERETARO,03STF-115
SIN,QUERETARO,03TJD-115
SIN,QUERETARO,03TOM-230
SIN,QUERETARO,03TPY-115
SIN,QUERETARO,03TTR-115
SIN,QUERETARO,03VRR-115
SIN,QUERETARO,03VT2-115
SIN,QUERETARO,03VTC-115
SIN,QUERETARO,03VTM-115
SIN,SALVATIERRA,03AQM-115
SIN,SALVATIERRA,03GRP1115
SIN,SALVATIERRA,03JDP-115
SIN,SALVATIERRA,03JYU-115
SIN,SALVATIERRA,03MAV-115
SIN,SALVATIERRA,03MLO-115
SIN,SALVATIERRA,03OJO-115
SIN,SALVATIERRA,03SND-115
SIN,SALVATIERRA,03SVT-115
SIN,SALVATIERRA,03TDC-115
SIN,SALVATIERRA,03URG-115
SIN,SALVATIERRA,03VAS-115
SIN,SAN JUAN DEL RIO,03ACR-115
SIN,SAN JUAN DEL RIO,03ARN-115
SIN,SAN JUAN DEL RIO,03BEC-115
SIN,SAN JUAN DEL RIO,03CDT-115
SIN,SAN JUAN DEL RIO,03EZM-115
SIN,SAN JUAN DEL RIO,03KAL-115
SIN,SAN JUAN DEL RIO,03KIM-115
SIN,SAN JUAN DEL RIO,03MIB-115
SIN,SAN JUAN DEL RIO,03MNS-115
SIN,SAN JUAN DEL RIO,03PON-115
SIN,SAN JUAN DEL RIO,03PPG-115
SIN,SAN JUAN DEL RIO,03SJM-115
SIN,SAN JUAN DEL RIO,03SJO-115
SIN,SAN JUAN DEL RIO,03SJR-115
SIN,SAN JUAN DEL RIO,03TEQ-115
SIN,SAN JUAN DEL RIO,03TMY-115
SIN,SAN LUIS POTOSI,03ABO-115
SIN,SAN LUIS POTOSI,03ACE-115
SIN,SAN LUIS POTOSI,03ALU-115
SIN,SAN LUIS POTOSI,03APA-115
SIN,SAN LUIS POTOSI,03AVN-115
SIN,SAN LUIS POTOSI,03BCD-115
SIN,SAN LUIS POTOSI,03BNL-115
SIN,SAN LUIS POTOSI,03BOC-115
SIN,SAN LUIS POTOSI,03BOS-115
SIN,SAN LUIS POTOSI,03CDM-115
SIN,SAN LUIS POTOSI,03COI-115
SIN,SAN LUIS POTOSI,03CPO-115
SIN,SAN LUIS POTOSI,03CSF-115
SIN,SAN LUIS POTOSI,03DIC-115
SIN,SAN LUIS POTOSI,03DLC-115
SIN,SAN LUIS POTOSI,03DXM-115
SIN,SAN LUIS POTOSI,03EAT-115
SIN,SAN LUIS POTOSI,03EGM-230
SIN,SAN LUIS POTOSI,03FVS-115
SIN,SAN LUIS POTOSI,03GAS-115
SIN,SAN LUIS POTOSI,03GRP2115
SIN,SAN LUIS POTOSI,03HER-115
SIN,SAN LUIS POTOSI,03HIT-115
SIN,SAN LUIS POTOSI,03JCR-115
SIN,SAN LUIS POTOSI,03KRP-115
SIN,SAN LUIS POTOSI,03LAM-115
SIN,SAN LUIS POTOSI,03LOG-115
SIN,SAN LUIS POTOSI,03LSV-230
SIN,SAN LUIS POTOSI,03LTI-115
SIN,SAN LUIS POTOSI,03MAB2115
SIN,SAN LUIS POTOSI,03MBL-115
SIN,SAN LUIS POTOSI,03MBM-230
SIN,SAN LUIS POTOSI,03MLS-115
SIN,SAN LUIS POTOSI,03MNR-230
SIN,SAN LUIS POTOSI,03MSG-230
SIN,SAN LUIS POTOSI,03MSJ-115
SIN,SAN LUIS POTOSI,03MTL-115
SIN,SAN LUIS POTOSI,03MWD-230
SIN,SAN LUIS POTOSI,03MWT-115
SIN,SAN LUIS POTOSI,03NTP-115
SIN,SAN LUIS POTOSI,03PAP2115
SIN,SAN LUIS POTOSI,03PDR-115
SIN,SAN LUIS POTOSI,03PNS-115
SIN,SAN LUIS POTOSI,03PRO-115
SIN,SAN LUIS POTOSI,03SEI-115
SIN,SAN LUIS POTOSI,03SEL-115
SIN,SAN LUIS POTOSI,03SGB-115
SIN,SAN LUIS POTOSI,03SGS-115
SIN,SAN LUIS POTOSI,03SHU-115
SIN,SAN LUIS POTOSI,03SLI-115
SIN,SAN LUIS POTOSI,03SLO-115
SIN,SAN LUIS POTOSI,03SLP-115
SIN,SAN LUIS POTOSI,03SLP-230
SIN,SAN LUIS POTOSI,03SLW-115
SIN,SAN LUIS POTOSI,03SMF-115
SIN,SAN LUIS POTOSI,03SNE-115
SIN,SAN LUIS POTOSI,03SNG-115
SIN,SAN LUIS POTOSI,03SPR-115
SIN,SAN LUIS POTOSI,03SPT-115
SIN,SAN LUIS POTOSI,03TEN-115
SIN,SAN LUIS POTOSI,03TIS-115
SIN,SAN LUIS POTOSI,03TMG-115
SIN,SAN LUIS POTOSI,03TQT-115
SIN,SAN LUIS POTOSI,03VAT1115
SIN,SAN LUIS POTOSI,03VDR-115
SIN,SAN LUIS POTOSI,03VDR-230
SIN,SAN LUIS POTOSI,03VLT-115
SIN,SAN LUIS POTOSI,03VRA-115
SIN,SAN LUIS POTOSI,03VRT1115
SIN,SAN LUIS POTOSI,03VTS-115
SIN,SAN LUIS POTOSI,03ZAG-115
SIN,TEPIC VALLARTA,03ACP-115
SIN,TEPIC VALLARTA,03AGM-115
SIN,TEPIC VALLARTA,03AGM-400
SIN,TEPIC VALLARTA,03AHN-115
SIN,TEPIC VALLARTA,03BAN-115
SIN,TEPIC VALLARTA,03BRI-115
SIN,TEPIC VALLARTA,03CJN-400
SIN,TEPIC VALLARTA,03CMP-115
SIN,TEPIC VALLARTA,03CPI-115
SIN,TEPIC VALLARTA,03DST-115
SIN,TEPIC VALLARTA,03FLA-115
SIN,TEPIC VALLARTA,03FLU-115
SIN,TEPIC VALLARTA,03GYS-115
SIN,TEPIC VALLARTA,03JDA-115
SIN,TEPIC VALLARTA,03MLE-115
SIN,TEPIC VALLARTA,03MYO-115
SIN,TEPIC VALLARTA,03NGT-115
SIN,TEPIC VALLARTA,03NKA-69
SIN,TEPIC VALLARTA,03PEN2115
SIN,TEPIC VALLARTA,03PMI-115
SIN,TEPIC VALLARTA,03PTL-115
SIN,TEPIC VALLARTA,03SCJ-115
SIN,TEPIC VALLARTA,03SEA-115
SIN,TEPIC VALLARTA,03SNI-115
SIN,TEPIC VALLARTA,03SRM-115
SIN,TEPIC VALLARTA,03TBK-115
SIN,TEPIC VALLARTA,03TEL-115
SIN,TEPIC VALLARTA,03TES-115
SIN,TEPIC VALLARTA,03TID-115
SIN,TEPIC VALLARTA,03TMI-115
SIN,TEPIC VALLARTA,03VRS-115
SIN,TEPIC VALLARTA,03VRT2115
SIN,TEPIC VALLARTA,03VTE-115
SIN,TEPIC VALLARTA,03XLS-115
SIN,URUAPAN,03CHN-115
SIN,URUAPAN,03IMP-115
SIN,URUAPAN,03LAE-115
SIN,URUAPAN,03MRR-115
SIN,URUAPAN,03POD-115
SIN,URUAPAN,03STI-115
SIN,URUAPAN,03TAR-69
SIN,URUAPAN,03UPT-115
SIN,URUAPAN,03ZMP-69
SIN,ZACAPU,03ARD-115
SIN,ZACAPU,03CME-115
SIN,ZACAPU,03PUR-115
SIN,ZACAPU,03VIJ-115
SIN,ZACAPU,03ZCP-115
SIN,ZACATECAS,03ART-115
SIN,ZACATECAS,03BFM-230
SIN,ZACATECAS,03BLA-115
SIN,ZACATECAS,03CGS-115
SIN,ZACATECAS,03CNL-115
SIN,ZACATECAS,03CRN-115
SIN,ZACATECAS,03EDA-115
SIN,ZACATECAS,03EVI-400
SIN,ZACATECAS,03EYT-115
SIN,ZACATECAS,03GPE-115
SIN,ZACATECAS,03HNV-115
SIN,ZACATECAS,03JRZ-115
SIN,ZACATECAS,03LMY-115
SIN,ZACATECAS,03LPL-115
SIN,ZACATECAS,03MFP-400
SIN,ZACATECAS,03MPO-115
SIN,ZACATECAS,03MRA2115
SIN,ZACATECAS,03OCL-115
SIN,ZACATECAS,03PFN-115
SIN,ZACATECAS,03PMY-400
SIN,ZACATECAS,03PNO-115
SIN,ZACATECAS,03SNA-115
SIN,ZACATECAS,03TGO-115
SIN,ZACATECAS,03TLO-115
SIN,ZACATECAS,03VHO-115
SIN,ZACATECAS,03ZCS-115
SIN,ZACATECAS,03ZCT-115
SIN,ZAMORA,03ABL-115
SIN,ZAMORA,03ARS-115
SIN,ZAMORA,03ATO-115
SIN,ZAMORA,03AVE-115
SIN,ZAMORA,03AYN-115
SIN,ZAMORA,03CRD-115
SIN,ZAMORA,03CRP-115
SIN,ZAMORA,03CRZ-115
SIN,ZAMORA,03CTJ-115
SIN,ZAMORA,03ESO-115
SIN,ZAMORA,03GSO-115
SIN,ZAMORA,03ITL-115
SIN,ZAMORA,03JCN-115
SIN,ZAMORA,03JMA-115
SIN,ZAMORA,03LIV-115
SIN,ZAMORA,03LPI-115
SIN,ZAMORA,03LPP-115
SIN,ZAMORA,03PBN-115
SIN,ZAMORA,03PRP-115
SIN,ZAMORA,03RYS-115
SIN,ZAMORA,03TAH-115
SIN,ZAMORA,03TGR-115
SIN,ZAMORA,03VIH-115
SIN,ZAMORA,03YER-115
SIN,ZAMORA,03YUR-115
SIN,ZAMORA,03ZID-115
SIN,ZAMORA,03ZMA-115
SIN,ZAMORA,03ZRP-115
SIN,ZAPOTLAN,03ATE-115
SIN,ZAPOTLAN,03CGM-115
SIN,ZAPOTLAN,03JRU-115
SIN,ZAPOTLAN,03JUJ-115
SIN,ZAPOTLAN,03SYL-115
SIN,ZAPOTLAN,03TAZ-115
SIN,ZAPOTLAN,03TUX-115
SIN,ZAPOTLAN,03ZTI-115
SIN,ACAPULCO,02APC-115
SIN,ACAPULCO,02ARC-115
SIN,ACAPULCO,02AZA-115
SIN,ACAPULCO,02BNL-115
SIN,ACAPULCO,02CAY-115
SIN,ACAPULCO,02CAZ-115
SIN,ACAPULCO,02CGN-115
SIN,ACAPULCO,02CSS-115
SIN,ACAPULCO,02CUG-115
SIN,ACAPULCO,02ETT-115
SIN,ACAPULCO,02GAR-115
SIN,ACAPULCO,02LAT-115
SIN,ACAPULCO,02LMM-115
SIN,ACAPULCO,02LTP-115
SIN,ACAPULCO,02MIP-115
SIN,ACAPULCO,02MOZ-115
SIN,ACAPULCO,02MRA-115
SIN,ACAPULCO,02OMT-115
SIN,ACAPULCO,02PDI-115
SIN,ACAPULCO,02PPG-115
SIN,ACAPULCO,02PUM-115
SIN,ACAPULCO,02PYS-115
SIN,ACAPULCO,02PZR-115
SIN,ACAPULCO,02QMD-115
SIN,ACAPULCO,02QMD-69
SIN,ACAPULCO,02REN-115
SIN,ACAPULCO,02SLU-115
SIN,ACAPULCO,02THU-115
SIN,CENTRO ORIENTE,02XIP-85
SIN,CHILPANCINGO,02AHZ-115
SIN,CHILPANCINGO,02AYT-115
SIN,CHILPANCINGO,02CCS-115
SIN,CHILPANCINGO,02CHG-115
SIN,CHILPANCINGO,02CIP-115
SIN,CHILPANCINGO,02CLT-69
SIN,CHILPANCINGO,02HUU-115
SIN,CHILPANCINGO,02MFB-115
SIN,CHILPANCINGO,02MLN-115
SIN,CHILPANCINGO,02MTL-115
SIN,CHILPANCINGO,02OLN-115
SIN,CHILPANCINGO,02TAN-115
SIN,CHILPANCINGO,02TIE-115
SIN,CHILPANCINGO,02TIT-115
SIN,CHILPANCINGO,02TUQ-115
SIN,CHILPANCINGO,02VEN-69
SIN,CHONTALPA,02CAO-115
SIN,CHONTALPA,02CDD-115
SIN,CHONTALPA,02CDN-115
SIN,CHONTALPA,02CHT-115
SIN,CHONTALPA,02CMU-115
SIN,CHONTALPA,02CNM-115
SIN,CHONTALPA,02CNM-230
SIN,CHONTALPA,02COM-115
SIN,CHONTALPA,02CSU-115
SIN,CHONTALPA,02DBX-115
SIN,CHONTALPA,02DUA-115
SIN,CHONTALPA,02GIR-115
SIN,CHONTALPA,02HMG-115
SIN,CHONTALPA,02ICD-115
SIN,CHONTALPA,02JAA-115
SIN,CHONTALPA,02MEZ-115
SIN,CHONTALPA,02MPR-115
SIN,CHONTALPA,02MPS-115
SIN,CHONTALPA,02MPS-400
SIN,CHONTALPA,02PEA-230
SIN,CHONTALPA,02PED-115
SIN,CHONTALPA,02PPX-115
SIN,CHONTALPA,02PRQ-115
SIN,CHONTALPA,02PSO-115
SIN,CHONTALPA,02TLN-115
SIN,COATZACOALCOS,02ACY-115
SIN,COATZACOALCOS,02ADD-115
SIN,COATZACOALCOS,02ARG-115
SIN,COATZACOALCOS,02CGC-115
SIN,COATZACOALCOS,02CGJ-115
SIN,COATZACOALCOS,02CHD-115
SIN,COATZACOALCOS,02CIC-115
SIN,COATZACOALCOS,02CLS-115
SIN,COATZACOALCOS,02CPQ-115
SIN,COATZACOALCOS,02CRX-115
SIN,COATZACOALCOS,02CRY-115
SIN,COATZACOALCOS,02CSQ-115
SIN,COATZACOALCOS,02CTS-115
SIN,COATZACOALCOS,02CUH-115
SIN,COATZACOALCOS,02CVN-115
SIN,COATZACOALCOS,02CYX-115
SIN,COATZACOALCOS,02EAS-115
SIN,COATZACOALCOS,02EMZ-115
SIN,COATZACOALCOS,02FNQ-115
SIN,COATZACOALCOS,02IDE-115
SIN,COATZACOALCOS,02IQU-115
SIN,COATZACOALCOS,02LHD-115
SIN,COATZACOALCOS,02LME-115
SIN,COATZACOALCOS,02MAS-115
SIN,COATZACOALCOS,02MID-115
SIN,COATZACOALCOS,02MID-400
SIN,COATZACOALCOS,02MIU-115
SIN,COATZACOALCOS,02NMO-115
SIN,COATZACOALCOS,02NND-115
SIN,COATZACOALCOS,02PFR-115
SIN,COATZACOALCOS,02PJD-115
SIN,COATZACOALCOS,02PMO-115
SIN,COATZACOALCOS,02POZ-115
SIN,COATZACOALCOS,02RLC-115
SIN,COATZACOALCOS,02RMN-115
SIN,COATZACOALCOS,02SES-115
SIN,COATZACOALCOS,02TOY-115
SIN,COATZACOALCOS,02TRT-115
SIN,COATZACOALCOS,02UCT-115
SIN,COATZACOALCOS,02UXD-115
SIN,COATZACOALCOS,02UXT-115
SIN,COATZACOALCOS,02UXU-115
SIN,COATZACOALCOS,02VED-115
SIN,COATZACOALCOS,02VIS-115
SIN,CORDOBA,02CBS-115
SIN,CORDOBA,02COR-115
SIN,CORDOBA,02CSE-115
SIN,CORDOBA,02CTH-115
SIN,CORDOBA,02HTU-115
SIN,CORDOBA,02IPA-115
SIN,CORDOBA,02ISN-115
SIN,CORDOBA,02MVE-115
SIN,CORDOBA,02OME-115
SIN,CORDOBA,02PTD-115
SIN,CUAUTLA,02AOS-115
SIN,CUAUTLA,02CIL-115
SIN,CUAUTLA,02CUA-115
SIN,CUAUTLA,02CUS-115
SIN,CUAUTLA,02ICS-115
SIN,CUAUTLA,02LOC-115
SIN,CUAUTLA,02TPL-115
SIN,CUAUTLA,02XOX-115
SIN,CUERNAVACA,02CUE-85
SIN,CUERNAVACA,02TBH-85
SIN,CUERNAVACA,02TMX-85
SIN,HUAJUAPAN,02CUX-115
SIN,HUAJUAPAN,02GIS-115
SIN,HUAJUAPAN,02HJP-115
SIN,HUAJUAPAN,02HUJ-69
SIN,HUAJUAPAN,02ITU-115
SIN,HUAJUAPAN,02LJU-115
SIN,HUAJUAPAN,02NCH-115
SIN,HUAJUAPAN,02SMF-115
SIN,HUAJUAPAN,02SSM-115
SIN,HUAJUAPAN,02TAD-115
SIN,HUAJUAPAN,02TCX-115
SIN,HUAJUAPAN,02TIL-69
SIN,HUAJUAPAN,02TXI-115
SIN,HUAJUAPAN,02YOL-115
SIN,HUATULCO,02CNJ-115
SIN,HUATULCO,02HCO-115
SIN,HUATULCO,02PIN-115
SIN,HUATULCO,02POC-115
SIN,HUATULCO,02PUE-115
SIN,HUATULCO,02RSO-115
SIN,IGUALA,02AXM-115
SIN,IGUALA,02BAA-115
SIN,IGUALA,02CRL-115
SIN,IGUALA,02CRL-230
SIN,IGUALA,02HEL-115
SIN,IGUALA,02IGU-115
SIN,IGUALA,02MLU-115
SIN,IGUALA,02MZL-115
SIN,IGUALA,02TCE-115
SIN,IGUALA,02TXO-115
SIN,IZUCAR,02ACA-115
SIN,IZUCAR,02AEN-115
SIN,IZUCAR,02ATC-115
SIN,IZUCAR,02IZD-115
SIN,IZUCAR,02IZM-115
SIN,IZUCAR,02LPA-115
SIN,IZUCAR,02MEC-115
SIN,LOS RIOS,02CEM-115
SIN,LOS RIOS,02CPX-115
SIN,LOS RIOS,02EZA-115
SIN,LOS RIOS,02LCJ-115
SIN,LOS RIOS,02LEP-115
SIN,LOS RIOS,02LVA-115
SIN,LOS RIOS,02MCD-115
SIN,LOS RIOS,02MCP-115
SIN,LOS RIOS,02PLQ-115
SIN,LOS RIOS,02TNQ-115
SIN,LOS RIOS,02ZOP-115
SIN,LOS RIOS,02ZPD-115
SIN,LOS TUXTLAS,02ADS-115
SIN,LOS TUXTLAS,02CHP-115
SIN,LOS TUXTLAS,02CTO-115
SIN,LOS TUXTLAS,02HOC-115
SIN,LOS TUXTLAS,02LRD-115
SIN,MORELOS,02CBE-400
SIN,MORELOS,02CIO-85
SIN,MORELOS,02CIV-115
SIN,MORELOS,02CUM-230
SIN,MORELOS,02JIU-115
SIN,MORELOS,02JJT-115
SIN,MORELOS,02NSN-115
SIN,MORELOS,02PTI-85
SIN,MORELOS,02TEZ-115
SIN,MORELOS,02TJA-115
SIN,MORELOS,02TLZ-85
SIN,MORELOS,02UNL-115
SIN,MORELOS,02XCH-85
SIN,MORELOS,02YCP-230
SIN,MORELOS,02ZAP-85
SIN,OAXACA,02EJT-115
SIN,OAXACA,02ETX-115
SIN,OAXACA,02HTP-115
SIN,OAXACA,02IXJ-115
SIN,OAXACA,02JTL-115
SIN,OAXACA,02MCN-115
SIN,OAXACA,02MHT-115
SIN,OAXACA,02MTX-115
SIN,OAXACA,02MUD-115
SIN,OAXACA,02OAP-115
SIN,OAXACA,02OAX-115
SIN,OAXACA,02OXD-115
SIN,OAXACA,02RMC-115
SIN,OAXACA,02SFO-115
SIN,OAXACA,02TLE-115
SIN,OAXACA,02TLL-115
SIN,ORIZABA,02CMA-115
SIN,ORIZABA,02CVE-115
SIN,ORIZABA,02ECM-115
SIN,ORIZABA,02FEM-115
SIN,ORIZABA,02FOR-115
SIN,ORIZABA,02KIM-115
SIN,ORIZABA,02NGL-115
SIN,ORIZABA,02OJP-400
SIN,ORIZABA,02ORI-115
SIN,ORIZABA,02PSG-115
SIN,ORIZABA,02RBO-115
SIN,ORIZABA,02SIV-115
SIN,ORIZABA,02TPG-115
SIN,ORIZABA,02ZGL-115
SIN,POZA RICA,02AGF-69
SIN,POZA RICA,02ARP-69
SIN,POZA RICA,02BRN-115
SIN,POZA RICA,02BVI-115
SIN,POZA RICA,02CDO-115
SIN,POZA RICA,02CHI-115
SIN,POZA RICA,02CZN-115
SIN,POZA RICA,02CZT-115
SIN,POZA RICA,02DIN-69
SIN,POZA RICA,02ESF-115
SIN,POZA RICA,02ETD-115
SIN,POZA RICA,02GZD-115
SIN,POZA RICA,02IXH-115
SIN,POZA RICA,02LBR-115
SIN,POZA RICA,02PMM-115
SIN,POZA RICA,02PQS-115
SIN,POZA RICA,02PRI-115
SIN,POZA RICA,02PRI-69
SIN,POZA RICA,02PRT-69
SIN,POZA RICA,02TAJ-115
SIN,POZA RICA,02THD-115
SIN,POZA RICA,02TPY-115
SIN,POZA RICA,02TTE-400
SIN,POZA RICA,02TUD-115
SIN,POZA RICA,02TUV-400
SIN,PUEBLA,02AGA-115
SIN,PUEBLA,02AMZ-115
SIN,PUEBLA,02AUN-115
SIN,PUEBLA,02AXT-115
SIN,PUEBLA,02BGS-115
SIN,PUEBLA,02BOE-115
SIN,PUEBLA,02CEF-115
SIN,PUEBLA,02CIY-115
SIN,PUEBLA,02CPO-115
SIN,PUEBLA,02CYR-400
SIN,PUEBLA,02ECN-115
SIN,PUEBLA,02EXE-115
SIN,PUEBLA,02FUE-115
SIN,PUEBLA,02GAN-115
SIN,PUEBLA,02INT-115
SIN,PUEBLA,02LML-115
SIN,PUEBLA,02LRP-115
SIN,PUEBLA,02LRZ-115
SIN,PUEBLA,02MET-115
SIN,PUEBLA,02NOR-115
SIN,PUEBLA,02ORT-115
SIN,PUEBLA,02PDM-115
SIN,PUEBLA,02PON-115
SIN,PUEBLA,02PSF-115
SIN,PUEBLA,02RSN-115
SIN,PUEBLA,02TCL-115
SIN,PUEBLA,02TCL-230
SIN,PUEBLA,02TNZ-115
SIN,PUEBLA,02TRP-230
SIN,PUEBLA,02VSE-115
SIN,PUEBLA,02VWG-115
SIN,SAN CRISTOBAL,02AAA-115
SIN,SAN CRISTOBAL,02CJT-115
SIN,SAN CRISTOBAL,02CRI-115
SIN,SAN CRISTOBAL,02FCM-115
SIN,SAN CRISTOBAL,02FLM-115
SIN,SAN CRISTOBAL,02OCO-115
SIN,SAN CRISTOBAL,02OXC-115
SIN,SAN CRISTOBAL,02SCH-115
SIN,SAN CRISTOBAL,02SCO-115
SIN,SAN CRISTOBAL,02TNI-115
SIN,SAN MARTIN,02AMF-115
SIN,SAN MARTIN,02CDX-115
SIN,SAN MARTIN,02CTX-115
SIN,SAN MARTIN,02DXM-115
SIN,SAN MARTIN,02GDM-115
SIN,SAN MARTIN,02HJO-115
SIN,SAN MARTIN,02KRU-115
SIN,SAN MARTIN,02LOA-115
SIN,SAN MARTIN,02LSL-115
SIN,SAN MARTIN,02MAR-115
SIN,SAN MARTIN,02MOA-115
SIN,SAN MARTIN,02PEI-115
SIN,SAN MARTIN,02SMG-115
SIN,SAN MARTIN,02TKN-115
SIN,SAN MARTIN,02TTM-115
SIN,TAPACHULA,02ARR-115
SIN,TAPACHULA,02AYA-115
SIN,TAPACHULA,02BDD-115
SIN,TAPACHULA,02BDZ-115
SIN,TAPACHULA,02CCL-69
SIN,TAPACHULA,02CFV-115
SIN,TAPACHULA,02CGO-115
SIN,TAPACHULA,02HUX-115
SIN,TAPACHULA,02MAP-115
SIN,TAPACHULA,02MAZ-115
SIN,TAPACHULA,02MTO-115
SIN,TAPACHULA,02PJJ-115
SIN,TAPACHULA,02PTM-115
SIN,TAPACHULA,02PUC-115
SIN,TAPACHULA,02SWA-115
SIN,TAPACHULA,02TAE-115
SIN,TAPACHULA,02TCH-115
SIN,TAPACHULA,02TNA-115
SIN,TAPACHULA,02TOE-115
SIN,TECAMACHALCO,02ACZ-115
SIN,TECAMACHALCO,02ERZ-115
SIN,TECAMACHALCO,02LIB-115
SIN,TECAMACHALCO,02PLB-115
SIN,TECAMACHALCO,02TLD-115
SIN,TECAMACHALCO,02TML-115
SIN,TECAMACHALCO,02TOC-230
SIN,TECAMACHALCO,02TPE-115
SIN,TECAMACHALCO,02TPI-115
SIN,TECAMACHALCO,02ZTP-115
SIN,TEHUACAN,02CPA-115
SIN,TEHUACAN,02PEC-115
SIN,TEHUACAN,02THN-115
SIN,TEHUACAN,02TTP-115
SIN,TEHUACAN,02ZIP-115
SIN,TEHUANTEPEC,02ASI-115
SIN,TEHUANTEPEC,02CCA-115
SIN,TEHUANTEPEC,02IPO-115
SIN,TEHUANTEPEC,02IPO-230
SIN,TEHUANTEPEC,02IXP-115
SIN,TEHUANTEPEC,02JUC-115
SIN,TEHUANTEPEC,02JUD-115
SIN,TEHUANTEPEC,02JUD-230
SIN,TEHUANTEPEC,02LVD-230
SIN,TEHUANTEPEC,02MRO-115
SIN,TEHUANTEPEC,02RSC-115
SIN,TEHUANTEPEC,02SAC-115
SIN,TEHUANTEPEC,02SRB-115
SIN,TEHUANTEPEC,02STD-115
SIN,TEHUANTEPEC,02THT-115
SIN,TEHUANTEPEC,02TNL-115
SIN,TEHUANTEPEC,02TNP-115
SIN,TEHUANTEPEC,02TST-115
SIN,TEHUANTEPEC,02VMN-230
SIN,TEHUANTEPEC,02ZNT-115
SIN,TEZIUTLAN,02AXO-115
SIN,TEZIUTLAN,02CYB-230
SIN,TEZIUTLAN,02ECT-115
SIN,TEZIUTLAN,02HMS-115
SIN,TEZIUTLAN,02HMT-115
SIN,TEZIUTLAN,02HYN-115
SIN,TEZIUTLAN,02LGP-115
SIN,TEZIUTLAN,02MAU-115
SIN,TEZIUTLAN,02MDD-115
SIN,TEZIUTLAN,02MGS-115
SIN,TEZIUTLAN,02MIS-69
SIN,TEZIUTLAN,02MSD-115
SIN,TEZIUTLAN,02MTT-115
SIN,TEZIUTLAN,02MZT-230
SIN,TEZIUTLAN,02PEE-115
SIN,TEZIUTLAN,02RFD-115
SIN,TEZIUTLAN,02SNS-115
SIN,TEZIUTLAN,02TLY-115
SIN,TEZIUTLAN,02TTG-115
SIN,TEZIUTLAN,02TZD-115
SIN,TEZIUTLAN,02TZT-115
SIN,TEZIUTLAN,02VDA-115
SIN,TEZIUTLAN,02VGS-115
SIN,TEZIUTLAN,02ZXP-115
SIN,TLAXCALA,02ANC-115
SIN,TLAXCALA,02API-115
SIN,TLAXCALA,02ATX-230
SIN,TLAXCALA,02ATZ-115
SIN,TLAXCALA,02AZM-230
SIN,TLAXCALA,02AZY-115
SIN,TLAXCALA,02CBM-115
SIN,TLAXCALA,02CHH-115
SIN,TLAXCALA,02CNU-115
SIN,TLAXCALA,02CPL-115
SIN,TLAXCALA,02CTM-115
SIN,TLAXCALA,02FJM-115
SIN,TLAXCALA,02GRE-115
SIN,TLAXCALA,02HUA-115
SIN,TLAXCALA,02IGP-115
SIN,TLAXCALA,02KIA-115
SIN,TLAXCALA,02KIC-115
SIN,TLAXCALA,02MDB-230
SIN,TLAXCALA,02MLC-230
SIN,TLAXCALA,02NXM-230
SIN,TLAXCALA,02OWC-115
SIN,TLAXCALA,02PGC-115
SIN,TLAXCALA,02PLS-115
SIN,TLAXCALA,02PNA-115
SIN,TLAXCALA,02POR-115
SIN,TLAXCALA,02PPL-115
SIN,TLAXCALA,02SIA-115
SIN,TLAXCALA,02STN-115
SIN,TLAXCALA,02TLM-115
SIN,TLAXCALA,02XIT-115
SIN,TUXTLA,02ANG-115
SIN,TUXTLA,02ANG-400
SIN,TUXTLA,02BCH-115
SIN,TUXTLA,02CIT-115
SIN,TUXTLA,02GIA-115
SIN,TUXTLA,02IPD-115
SIN,TUXTLA,02JUY-115
SIN,TUXTLA,02LGZ-115
SIN,TUXTLA,02LMX-115
SIN,TUXTLA,02MAA-115
SIN,TUXTLA,02MMT-115
SIN,TUXTLA,02MMT-400
SIN,TUXTLA,02MPE-115
SIN,TUXTLA,02OCZ-115
SIN,TUXTLA,02RDB-115
SIN,TUXTLA,02SMJ-115
SIN,TUXTLA,02SOY-115
SIN,TUXTLA,02TGD-115
SIN,TUXTLA,02TGU-115
SIN,TUXTLA,02TXN-115
SIN,TUXTLA,02TXS-115
SIN,TUXTLA,02VFD-115
SIN,VERACRUZ,02ABL-115
SIN,VERACRUZ,02AMN-115
SIN,VERACRUZ,02ARU-115
SIN,VERACRUZ,02AVD-115
SIN,VERACRUZ,02BDR-115
SIN,VERACRUZ,02BJU-115
SIN,VERACRUZ,02BPP-115
SIN,VERACRUZ,02BRS-115
SIN,VERACRUZ,02CAC-115
SIN,VERACRUZ,02CAE-115
SIN,VERACRUZ,02CSL-115
SIN,VERACRUZ,02CVT-115
SIN,VERACRUZ,02DBC-115
SIN,VERACRUZ,02EDO-115
SIN,VERACRUZ,02FRY-115
SIN,VERACRUZ,02GBA-115
SIN,VERACRUZ,02GLM-115
SIN,VERACRUZ,02GRA-115
SIN,VERACRUZ,02GRT-115
SIN,VERACRUZ,02IFN-115
SIN,VERACRUZ,02ISL-115
SIN,VERACRUZ,02JBL-115
SIN,VERACRUZ,02JDD-230
SIN,VERACRUZ,02JIC-115
SIN,VERACRUZ,02LAV-400
SIN,VERACRUZ,02LBD-115
SIN,VERACRUZ,02MCB-115
SIN,VERACRUZ,02MDG-115
SIN,VERACRUZ,02MPH-115
SIN,VERACRUZ,02PAG-115
SIN,VERACRUZ,02PDT-115
SIN,VERACRUZ,02PLI-115
SIN,VERACRUZ,02PNS-115
SIN,VERACRUZ,02PTU-230
SIN,VERACRUZ,02PVC-115
SIN,VERACRUZ,02PYN-115
SIN,VERACRUZ,02RDC-115
SIN,VERACRUZ,02RME-115
SIN,VERACRUZ,02SCF-115
SIN,VERACRUZ,02SNF-115
SIN,VERACRUZ,02SNL-115
SIN,VERACRUZ,02SOD-115
SIN,VERACRUZ,02TBL-115
SIN,VERACRUZ,02TDD-115
SIN,VERACRUZ,02TJR-115
SIN,VERACRUZ,02TMU-115
SIN,VERACRUZ,02TMU-230
SIN,VERACRUZ,02TNJ-115
SIN,VERACRUZ,02TPS-115
SIN,VERACRUZ,02TSD-230
SIN,VERACRUZ,02TTA-115
SIN,VERACRUZ,02TVS-115
SIN,VERACRUZ,02TXD-115
SIN,VERACRUZ,02VAN-115
SIN,VERACRUZ,02VRU-115
SIN,VERACRUZ,02VTB-115
SIN,VILLAHERMOSA,02CAX-115
SIN,VILLAHERMOSA,02CIH-115
SIN,VILLAHERMOSA,02CNX-115
SIN,VILLAHERMOSA,02CSX-115
SIN,VILLAHERMOSA,02FRT-115
SIN,VILLAHERMOSA,02LCH-115
SIN,VILLAHERMOSA,02LHA-115
SIN,VILLAHERMOSA,02MCL-115
SIN,VILLAHERMOSA,02NPX-115
SIN,VILLAHERMOSA,02PCO-115
SIN,VILLAHERMOSA,02PLL-115
SIN,VILLAHERMOSA,02PMC-115
SIN,VILLAHERMOSA,02RFA-115
SIN,VILLAHERMOSA,02SMI-115
SIN,VILLAHERMOSA,02SYA-115
SIN,VILLAHERMOSA,02TAT-115
SIN,VILLAHERMOSA,02TBQ-115
SIN,VILLAHERMOSA,02TCT-115
SIN,VILLAHERMOSA,02TPJ-115
SIN,VILLAHERMOSA,02TTB-115
SIN,VILLAHERMOSA,02VHC-115
SIN,VILLAHERMOSA,02VID-115
SIN,VILLAHERMOSA,02VIP-115
SIN,VILLAHERMOSA,02VIU-115
SIN,XALAPA,02ACJ-115
SIN,XALAPA,02AOC-115
SIN,XALAPA,02CEO-115
SIN,XALAPA,02CMT-115
SIN,XALAPA,02COP-115
SIN,XALAPA,02ELC-115
SIN,XALAPA,02JLD-115
SIN,XALAPA,02RNA-115
SIN,XALAPA,02TRN-115
SIN,ZIHUATANEJO,02CYC-115
SIN,ZIHUATANEJO,02JRN-115
SIN,ZIHUATANEJO,02PPN-115
SIN,ZIHUATANEJO,02PTT-115
SIN,ZIHUATANEJO,02PUI-115
SIN,ZIHUATANEJO,02SLS-115
SIN,ZIHUATANEJO,02TCA-115
SIN,ZIHUATANEJO,02UNN-115
SIN,ZIHUATANEJO,02ZHD-115
SIN,ZIHUATANEJO,02ZIH-115
SIN,CAMPECHE,08AKI-115
SIN,CAMPECHE,08CAS-115
SIN,CAMPECHE,08CBU-115
SIN,CAMPECHE,08CKD-115
SIN,CAMPECHE,08CMO-115
SIN,CAMPECHE,08CYL-115
SIN,CAMPECHE,08ESA-115
SIN,CAMPECHE,08HCE-115
SIN,CAMPECHE,08HOP-115
SIN,CAMPECHE,08KAL-115
SIN,CAMPECHE,08LRA-115
SIN,CAMPECHE,08SAD-115
SIN,CAMPECHE,08SAM-115
SIN,CAMPECHE,08SBY-115
SIN,CAMPECHE,08SHC-115
SIN,CAMPECHE,08SLC-230
SIN,CAMPECHE,08XPU-115
SIN,CANCUN,08BNI-115
SIN,CANCUN,08BNP-115
SIN,CANCUN,08CEK-115
SIN,CANCUN,08CNC-115
SIN,CANCUN,08HAA-115
SIN,CANCUN,08HBK-115
SIN,CANCUN,08IXC-115
SIN,CANCUN,08KAB-115
SIN,CANCUN,08KEK-115
SIN,CANCUN,08KHN-115
SIN,CANCUN,08KUK-115
SIN,CANCUN,08MPA-115
SIN,CANCUN,08NCT-115
SIN,CANCUN,08NIH-115
SIN,CANCUN,08NIZ-115
SIN,CANCUN,08PJU-115
SIN,CANCUN,08PKP-115
SIN,CANCUN,08PMO-115
SIN,CANCUN,08PMU-115
SIN,CANCUN,08PSA-115
SIN,CANCUN,08YXE-115
SIN,CARMEN,08CNR-115
SIN,CARMEN,08CRE-115
SIN,CARMEN,08LTE-115
SIN,CARMEN,08PMR-115
SIN,CHETUMAL,08CTE-115
SIN,CHETUMAL,08INS-115
SIN,CHETUMAL,08LAC-115
SIN,CHETUMAL,08MHH-115
SIN,CHETUMAL,08PYU-115
SIN,CHETUMAL,08XUL-115
SIN,MERIDA,08ALO-115
SIN,MERIDA,08CBR-115
SIN,MERIDA,08CMY-115
SIN,MERIDA,08CNO-115
SIN,MERIDA,08HNC-115
SIN,MERIDA,08HOL-115
SIN,MERIDA,08IGN-115
SIN,MERIDA,08IZE-115
SIN,MERIDA,08IZI-115
SIN,MERIDA,08LEE-115
SIN,MERIDA,08MDA-115
SIN,MERIDA,08MDN-115
SIN,MERIDA,08MDP-230
SIN,MERIDA,08MEP-115
SIN,MERIDA,08MTO-115
SIN,MERIDA,08NCM-115
SIN,MERIDA,08NTE-115
SIN,MERIDA,08PPO-115
SIN,MERIDA,08PTE-115
SIN,MERIDA,08SUR-115
SIN,MERIDA,08UCU-115
SIN,MERIDA,08UMA-115
SIN,MOTUL TIZIMIN,08CEX-115
SIN,MOTUL TIZIMIN,08DZI-115
SIN,MOTUL TIZIMIN,08IZL-115
SIN,MOTUL TIZIMIN,08KOP-115
SIN,MOTUL TIZIMIN,08PPH-115
SIN,MOTUL TIZIMIN,08SAE-115
SIN,MOTUL TIZIMIN,08SDM-115
SIN,MOTUL TIZIMIN,08SUC-115
SIN,MOTUL TIZIMIN,08TXS-115
SIN,MOTUL TIZIMIN,08TZM-115
SIN,MOTUL TIZIMIN,08VAD-115
SIN,MOTUL TIZIMIN,08VAD-230
SIN,MOTUL TIZIMIN,08VDD-115
SIN,RIVIERA MAYA,08AKD-115
SIN,RIVIERA MAYA,08AUC-115
SIN,RIVIERA MAYA,08AVP-115
SIN,RIVIERA MAYA,08CHB-34.5
SIN,RIVIERA MAYA,08CHS-34.5
SIN,RIVIERA MAYA,08CLC-115
SIN,RIVIERA MAYA,08COZ-34.5
SIN,RIVIERA MAYA,08IBR-115
SIN,RIVIERA MAYA,08MYK-115
SIN,RIVIERA MAYA,08PCN-115
SIN,RIVIERA MAYA,08PLY-115
SIN,RIVIERA MAYA,08TUM-115
SIN,RIVIERA MAYA,08XLC-115
SIN,RIVIERA MAYA,08ZNE-115
SIN,TICUL,08KBL-115
SIN,TICUL,08MAX-115
SIN,TICUL,08TIU-115
SIN,TICUL,08TKD-115
SIN,TICUL,08TXM-115
